"STATE","DAMAGE_TROPICAL_1998","DEATH_TROPICAL_1998","INJURIES_TROPICAL_1998","COUNT_TROPICAL_1998","DAMAGE_FIRE_1998","DEATH_FIRE_1998","INJURIES_FIRE_1998","COUNT_FIRE_1998","DAMAGE_HEAT_1998","DEATH_HEAT_1998","INJURIES_HEAT_1998","COUNT_HEAT_1998","DAMAGE_HURRICANE_1998","DEATH_HURRICANE_1998","INJURIES_HURRICANE_1998","COUNT_HURRICANE_1998","DAMAGE_TROPICAL_2000","DEATH_TROPICAL_2000","INJURIES_TROPICAL_2000","COUNT_TROPICAL_2000","DAMAGE_FIRE_2000","DEATH_FIRE_2000","INJURIES_FIRE_2000","COUNT_FIRE_2000","DAMAGE_HEAT_2000","DEATH_HEAT_2000","INJURIES_HEAT_2000","COUNT_HEAT_2000","DAMAGE_HURRICANE_2000","DEATH_HURRICANE_2000","INJURIES_HURRICANE_2000","COUNT_HURRICANE_2000","DAMAGE_TROPICAL_2001","DEATH_TROPICAL_2001","INJURIES_TROPICAL_2001","COUNT_TROPICAL_2001","DAMAGE_FIRE_2001","DEATH_FIRE_2001","INJURIES_FIRE_2001","COUNT_FIRE_2001","DAMAGE_HEAT_2001","DEATH_HEAT_2001","INJURIES_HEAT_2001","COUNT_HEAT_2001","DAMAGE_HURRICANE_2001","DEATH_HURRICANE_2001","INJURIES_HURRICANE_2001","COUNT_HURRICANE_2001","DAMAGE_TROPICAL_2002","DEATH_TROPICAL_2002","INJURIES_TROPICAL_2002","COUNT_TROPICAL_2002","DAMAGE_FIRE_2002","DEATH_FIRE_2002","INJURIES_FIRE_2002","COUNT_FIRE_2002","DAMAGE_HEAT_2002","DEATH_HEAT_2002","INJURIES_HEAT_2002","COUNT_HEAT_2002","DAMAGE_HURRICANE_2002","DEATH_HURRICANE_2002","INJURIES_HURRICANE_2002","COUNT_HURRICANE_2002","DAMAGE_TROPICAL_2004","DEATH_TROPICAL_2004","INJURIES_TROPICAL_2004","COUNT_TROPICAL_2004","DAMAGE_FIRE_2004","DEATH_FIRE_2004","INJURIES_FIRE_2004","COUNT_FIRE_2004","DAMAGE_HEAT_2004","DEATH_HEAT_2004","INJURIES_HEAT_2004","COUNT_HEAT_2004","DAMAGE_HURRICANE_2004","DEATH_HURRICANE_2004","INJURIES_HURRICANE_2004","COUNT_HURRICANE_2004","DAMAGE_TROPICAL_2005","DEATH_TROPICAL_2005","INJURIES_TROPICAL_2005","COUNT_TROPICAL_2005","DAMAGE_FIRE_2005","DEATH_FIRE_2005","INJURIES_FIRE_2005","COUNT_FIRE_2005","DAMAGE_HEAT_2005","DEATH_HEAT_2005","INJURIES_HEAT_2005","COUNT_HEAT_2005","DAMAGE_HURRICANE_2005","DEATH_HURRICANE_2005","INJURIES_HURRICANE_2005","COUNT_HURRICANE_2005","DAMAGE_TROPICAL_2008","DEATH_TROPICAL_2008","INJURIES_TROPICAL_2008","COUNT_TROPICAL_2008","DAMAGE_FIRE_2008","DEATH_FIRE_2008","INJURIES_FIRE_2008","COUNT_FIRE_2008","DAMAGE_HEAT_2008","DEATH_HEAT_2008","INJURIES_HEAT_2008","COUNT_HEAT_2008","DAMAGE_HURRICANE_2008","DEATH_HURRICANE_2008","INJURIES_HURRICANE_2008","COUNT_HURRICANE_2008","DAMAGE_TROPICAL_2009","DEATH_TROPICAL_2009","INJURIES_TROPICAL_2009","COUNT_TROPICAL_2009","DAMAGE_FIRE_2009","DEATH_FIRE_2009","INJURIES_FIRE_2009","COUNT_FIRE_2009","DAMAGE_HEAT_2009","DEATH_HEAT_2009","INJURIES_HEAT_2009","COUNT_HEAT_2009","DAMAGE_HURRICANE_2009","DEATH_HURRICANE_2009","INJURIES_HURRICANE_2009","COUNT_HURRICANE_2009","DAMAGE_TROPICAL_2010","DEATH_TROPICAL_2010","INJURIES_TROPICAL_2010","COUNT_TROPICAL_2010","DAMAGE_FIRE_2010","DEATH_FIRE_2010","INJURIES_FIRE_2010","COUNT_FIRE_2010","DAMAGE_HEAT_2010","DEATH_HEAT_2010","INJURIES_HEAT_2010","COUNT_HEAT_2010","DAMAGE_HURRICANE_2010","DEATH_HURRICANE_2010","INJURIES_HURRICANE_2010","COUNT_HURRICANE_2010","DAMAGE_TROPICAL_2011","DEATH_TROPICAL_2011","INJURIES_TROPICAL_2011","COUNT_TROPICAL_2011","DAMAGE_FIRE_2011","DEATH_FIRE_2011","INJURIES_FIRE_2011","COUNT_FIRE_2011","DAMAGE_HEAT_2011","DEATH_HEAT_2011","INJURIES_HEAT_2011","COUNT_HEAT_2011","DAMAGE_HURRICANE_2011","DEATH_HURRICANE_2011","INJURIES_HURRICANE_2011","COUNT_HURRICANE_2011","DAMAGE_TROPICAL_2012","DEATH_TROPICAL_2012","INJURIES_TROPICAL_2012","COUNT_TROPICAL_2012","DAMAGE_FIRE_2012","DEATH_FIRE_2012","INJURIES_FIRE_2012","COUNT_FIRE_2012","DAMAGE_HEAT_2012","DEATH_HEAT_2012","INJURIES_HEAT_2012","COUNT_HEAT_2012","DAMAGE_HURRICANE_2012","DEATH_HURRICANE_2012","INJURIES_HURRICANE_2012","COUNT_HURRICANE_2012","DAMAGE_TROPICAL_2014","DEATH_TROPICAL_2014","INJURIES_TROPICAL_2014","COUNT_TROPICAL_2014","DAMAGE_FIRE_2014","DEATH_FIRE_2014","INJURIES_FIRE_2014","COUNT_FIRE_2014","DAMAGE_HEAT_2014","DEATH_HEAT_2014","INJURIES_HEAT_2014","COUNT_HEAT_2014","DAMAGE_HURRICANE_2014","DEATH_HURRICANE_2014","INJURIES_HURRICANE_2014","COUNT_HURRICANE_2014","DAMAGE_TROPICAL_2015","DEATH_TROPICAL_2015","INJURIES_TROPICAL_2015","COUNT_TROPICAL_2015","DAMAGE_FIRE_2015","DEATH_FIRE_2015","INJURIES_FIRE_2015","COUNT_FIRE_2015","DAMAGE_HEAT_2015","DEATH_HEAT_2015","INJURIES_HEAT_2015","COUNT_HEAT_2015","DAMAGE_HURRICANE_2015","DEATH_HURRICANE_2015","INJURIES_HURRICANE_2015","COUNT_HURRICANE_2015","DAMAGE_TROPICAL_2016","DEATH_TROPICAL_2016","INJURIES_TROPICAL_2016","COUNT_TROPICAL_2016","DAMAGE_FIRE_2016","DEATH_FIRE_2016","INJURIES_FIRE_2016","COUNT_FIRE_2016","DAMAGE_HEAT_2016","DEATH_HEAT_2016","INJURIES_HEAT_2016","COUNT_HEAT_2016","DAMAGE_HURRICANE_2016","DEATH_HURRICANE_2016","INJURIES_HURRICANE_2016","COUNT_HURRICANE_2016","DAMAGE_TROPICAL_1996","DEATH_TROPICAL_1996","INJURIES_TROPICAL_1996","COUNT_TROPICAL_1996","DAMAGE_FIRE_1996","DEATH_FIRE_1996","INJURIES_FIRE_1996","COUNT_FIRE_1996","DAMAGE_HEAT_1996","DEATH_HEAT_1996","INJURIES_HEAT_1996","COUNT_HEAT_1996","DAMAGE_HURRICANE_1996","DEATH_HURRICANE_1996","INJURIES_HURRICANE_1996","COUNT_HURRICANE_1996","DAMAGE_TROPICAL_1999","DEATH_TROPICAL_1999","INJURIES_TROPICAL_1999","COUNT_TROPICAL_1999","DAMAGE_FIRE_1999","DEATH_FIRE_1999","INJURIES_FIRE_1999","COUNT_FIRE_1999","DAMAGE_HEAT_1999","DEATH_HEAT_1999","INJURIES_HEAT_1999","COUNT_HEAT_1999","DAMAGE_HURRICANE_1999","DEATH_HURRICANE_1999","INJURIES_HURRICANE_1999","COUNT_HURRICANE_1999","DAMAGE_TROPICAL_2003","DEATH_TROPICAL_2003","INJURIES_TROPICAL_2003","COUNT_TROPICAL_2003","DAMAGE_FIRE_2003","DEATH_FIRE_2003","INJURIES_FIRE_2003","COUNT_FIRE_2003","DAMAGE_HEAT_2003","DEATH_HEAT_2003","INJURIES_HEAT_2003","COUNT_HEAT_2003","DAMAGE_HURRICANE_2003","DEATH_HURRICANE_2003","INJURIES_HURRICANE_2003","COUNT_HURRICANE_2003","DAMAGE_TROPICAL_2006","DEATH_TROPICAL_2006","INJURIES_TROPICAL_2006","COUNT_TROPICAL_2006","DAMAGE_FIRE_2006","DEATH_FIRE_2006","INJURIES_FIRE_2006","COUNT_FIRE_2006","DAMAGE_HEAT_2006","DEATH_HEAT_2006","INJURIES_HEAT_2006","COUNT_HEAT_2006","DAMAGE_HURRICANE_2006","DEATH_HURRICANE_2006","INJURIES_HURRICANE_2006","COUNT_HURRICANE_2006","DAMAGE_TROPICAL_2013","DEATH_TROPICAL_2013","INJURIES_TROPICAL_2013","COUNT_TROPICAL_2013","DAMAGE_FIRE_2013","DEATH_FIRE_2013","INJURIES_FIRE_2013","COUNT_FIRE_2013","DAMAGE_HEAT_2013","DEATH_HEAT_2013","INJURIES_HEAT_2013","COUNT_HEAT_2013","DAMAGE_HURRICANE_2013","DEATH_HURRICANE_2013","INJURIES_HURRICANE_2013","COUNT_HURRICANE_2013","DAMAGE_TROPICAL_1997","DEATH_TROPICAL_1997","INJURIES_TROPICAL_1997","COUNT_TROPICAL_1997","DAMAGE_FIRE_1997","DEATH_FIRE_1997","INJURIES_FIRE_1997","COUNT_FIRE_1997","DAMAGE_HEAT_1997","DEATH_HEAT_1997","INJURIES_HEAT_1997","COUNT_HEAT_1997","DAMAGE_HURRICANE_1997","DEATH_HURRICANE_1997","INJURIES_HURRICANE_1997","COUNT_HURRICANE_1997","DAMAGE_TROPICAL_2007","DEATH_TROPICAL_2007","INJURIES_TROPICAL_2007","COUNT_TROPICAL_2007","DAMAGE_FIRE_2007","DEATH_FIRE_2007","INJURIES_FIRE_2007","COUNT_FIRE_2007","DAMAGE_HEAT_2007","DEATH_HEAT_2007","INJURIES_HEAT_2007","COUNT_HEAT_2007","DAMAGE_HURRICANE_2007","DEATH_HURRICANE_2007","INJURIES_HURRICANE_2007","COUNT_HURRICANE_2007","DAMAGE_TOTAL_1998","DEATHS_TOTAL_1998","INJURIES_TOTAL_1998","COUNT_TOTAL_1998","DAMAGE_TOTAL_2000","DEATHS_TOTAL_2000","INJURIES_TOTAL_2000","COUNT_TOTAL_2000","DAMAGE_TOTAL_2001","DEATHS_TOTAL_2001","INJURIES_TOTAL_2001","COUNT_TOTAL_2001","DAMAGE_TOTAL_2002","DEATHS_TOTAL_2002","INJURIES_TOTAL_2002","COUNT_TOTAL_2002","DAMAGE_TOTAL_2004","DEATHS_TOTAL_2004","INJURIES_TOTAL_2004","COUNT_TOTAL_2004","DAMAGE_TOTAL_2005","DEATHS_TOTAL_2005","INJURIES_TOTAL_2005","COUNT_TOTAL_2005","DAMAGE_TOTAL_2008","DEATHS_TOTAL_2008","INJURIES_TOTAL_2008","COUNT_TOTAL_2008","DAMAGE_TOTAL_2009","DEATHS_TOTAL_2009","INJURIES_TOTAL_2009","COUNT_TOTAL_2009","DAMAGE_TOTAL_2010","DEATHS_TOTAL_2010","INJURIES_TOTAL_2010","COUNT_TOTAL_2010","DAMAGE_TOTAL_2011","DEATHS_TOTAL_2011","INJURIES_TOTAL_2011","COUNT_TOTAL_2011","DAMAGE_TOTAL_2012","DEATHS_TOTAL_2012","INJURIES_TOTAL_2012","COUNT_TOTAL_2012","DAMAGE_TOTAL_2014","DEATHS_TOTAL_2014","INJURIES_TOTAL_2014","COUNT_TOTAL_2014","DAMAGE_TOTAL_2015","DEATHS_TOTAL_2015","INJURIES_TOTAL_2015","COUNT_TOTAL_2015","DAMAGE_TOTAL_2016","DEATHS_TOTAL_2016","INJURIES_TOTAL_2016","COUNT_TOTAL_2016","DAMAGE_TOTAL_1996","DEATHS_TOTAL_1996","INJURIES_TOTAL_1996","COUNT_TOTAL_1996","DAMAGE_TOTAL_1999","DEATHS_TOTAL_1999","INJURIES_TOTAL_1999","COUNT_TOTAL_1999","DAMAGE_TOTAL_2003","DEATHS_TOTAL_2003","INJURIES_TOTAL_2003","COUNT_TOTAL_2003","DAMAGE_TOTAL_2006","DEATHS_TOTAL_2006","INJURIES_TOTAL_2006","COUNT_TOTAL_2006","DAMAGE_TOTAL_2013","DEATHS_TOTAL_2013","INJURIES_TOTAL_2013","COUNT_TOTAL_2013","DAMAGE_TOTAL_1997","DEATHS_TOTAL_1997","INJURIES_TOTAL_1997","COUNT_TOTAL_1997","DAMAGE_TOTAL_2007","DEATHS_TOTAL_2007","INJURIES_TOTAL_2007","COUNT_TOTAL_2007"
"ALABAMA",120000,0,0,5,0,0,0,0,0,0,0,0,0,0,0,0,10000,0,0,4,0,0,0,1,0,0,0,0,0,0,0,0,490000,0,0,15,0,0,0,0,0,0,0,0,0,0,0,0,6590000,0,0,8,0,0,0,0,0,0,0,0,0,0,0,0,3500000,0,0,9,0,0,0,0,0,0,0,0,0,0,0,0,42105000,0,11,117,0,0,0,0,0,0,0,0,0,0,0,0,1e+05,0,0,14,0,0,0,0,0,0,10,3,0,0,0,0,0,0,0,0,0,0,0,0,0,0,24,9,0,0,0,0,0,0,0,0,103000,0,1,2,0,0,0,8,0,0,0,0,0,0,0,0,0,0,0,2,0,0,0,3,0,0,0,0,0,0,0,2,0,0,0,1,0,0,0,6,0,0,0,0,0,0,0,0,0,0,0,3,0,0,0,0,0,0,0,0,0,0,0,0,0,0,0,1,0,0,0,1,0,0,0,0,0,0,0,0,0,0,0,0,0,0,0,2,0,0,0,0,0,0,0,0,0,0,0,0,0,0,0,0,0,0,0,0,0,0,0,0,0,0,0,0,0,0,0,0,0,0,0,0,0,0,0,0,0,0,0,0,0,0,0,0,0,0,0,0,0,0,0,0,0,0,0,0,0,0,0,0,0,0,0,0,0,0,0,0,0,0,0,0,0,0,0,0,0,0,0,0,0,0,0,0,0,0,0,0,0,0,0,0,0,0,0,0,0,0,0,0,0,0,0,0,0,0,0,0,0,0,0,0,120000,0,0,5,10000,0,0,5,490000,0,0,15,6590000,0,0,8,3500000,0,0,9,42105000,0,11,117,1e+05,0,10,17,0,0,24,9,103000,0,1,10,0,0,0,5,0,0,0,9,0,0,0,3,0,0,0,2,0,0,0,2,0,0,0,0,0,0,0,0,0,0,0,0,0,0,0,0,0,0,0,0,0,0,0,0,0,0,0,0
"ALASKA",0,0,0,0,0,0,0,0,0,0,0,0,0,0,0,0,0,0,0,0,250000,0,9,1,0,0,0,0,0,0,0,0,0,0,0,0,1600000,0,0,3,0,0,0,0,0,0,0,0,0,0,0,0,40000,0,0,3,0,0,0,0,0,0,0,0,0,0,0,0,9e+05,0,0,9,0,0,0,0,0,0,0,0,0,0,0,0,0,0,0,11,0,0,0,0,0,0,0,0,0,0,0,0,0,0,0,0,0,0,0,0,0,0,0,0,0,0,0,0,250000,0,0,1,0,0,0,0,0,0,0,0,0,0,0,0,1500000,0,0,1,0,0,0,0,0,0,0,0,0,0,0,0,0,0,0,0,0,0,0,0,0,0,0,0,0,0,0,0,0,0,0,0,0,0,0,0,0,0,0,0,0,0,0,0,0,0,0,0,0,0,0,0,0,0,0,0,0,0,0,0,2150000,0,8,4,0,0,0,0,0,0,0,0,0,0,0,0,0,0,2,1,0,0,0,0,0,0,0,0,0,0,0,0,1e+07,0,0,2,0,0,0,0,0,0,0,0,0,0,0,0,65000,0,0,3,0,0,0,0,0,0,0,0,0,0,0,0,260000,0,0,6,0,0,0,0,0,0,0,0,0,0,0,0,325000,0,0,1,0,0,0,0,0,0,0,0,0,0,0,0,0,0,0,0,0,0,0,0,0,0,0,0,0,0,0,0,0,0,0,0,0,0,0,0,0,0,0,0,0,0,0,0,0,0,0,0,0,0,0,0,0,0,0,0,0,0,0,0,250000,0,9,1,1600000,0,0,3,40000,0,0,3,9e+05,0,0,9,0,0,0,11,0,0,0,0,250000,0,0,1,1500000,0,0,1,0,0,0,0,0,0,0,0,0,0,0,0,2150000,0,8,4,0,0,2,1,1e+07,0,0,2,65000,0,0,3,260000,0,0,6,325000,0,0,1,0,0,0,0,0,0,0,0,0,0,0,0
"AMERICAN SAMOA",0,0,0,2,0,0,0,0,0,0,0,0,0,0,0,0,0,0,0,1,0,0,0,0,0,0,0,0,0,0,0,0,0,0,0,0,0,0,0,0,0,0,0,0,0,0,0,0,0,0,0,0,0,0,0,0,0,0,0,0,0,0,0,0,0,0,0,0,0,0,0,0,0,0,0,0,0,0,0,0,0,0,0,0,0,0,0,0,0,0,0,0,0,0,0,0,0,0,0,0,0,0,0,0,0,0,0,0,0,0,0,0,0,0,0,0,0,0,0,0,0,0,0,0,0,0,0,0,0,0,0,2,0,0,0,0,0,0,0,0,0,0,0,2,0,0,0,0,0,0,0,0,0,0,0,0,0,0,0,3,0,0,0,0,0,0,0,0,0,0,0,0,0,0,0,1,0,0,0,0,0,0,0,0,0,0,0,0,0,0,0,0,5e+06,0,0,1,0,0,0,0,0,0,0,0,0,0,0,0,0,0,0,0,0,0,0,0,0,0,0,1,0,0,0,0,0,0,0,0,0,0,0,0,0,0,0,0,0,0,0,0,0,0,0,0,0,0,0,0,0,0,0,0,0,0,0,0,0,0,0,0,0,0,0,0,0,0,0,0,0,0,0,0,0,0,0,0,0,0,0,0,0,0,0,0,0,0,0,0,0,0,0,2,0,0,0,0,0,0,0,0,0,0,0,0,0,0,0,0,0,0,0,0,0,0,0,0,0,0,0,0,0,0,0,0,0,0,0,0,0,0,0,0,0,0,0,0,0,0,0,2,0,0,0,1,0,0,0,0,0,0,0,0,0,0,0,0,0,0,0,0,0,0,0,0,0,0,0,0,0,0,0,4,0,0,0,3,0,0,0,1,0,0,0,0,5e+06,0,0,1,0,0,0,1,0,0,0,0,0,0,0,0,0,0,0,0,0,0,0,0,0,0,0,2,0,0,0,0,0,0,0,0
"ARIZONA",0,0,0,0,0,0,0,0,0,0,0,0,0,0,0,0,0,0,0,0,50000,0,0,14,0,0,0,0,0,0,0,0,0,0,0,0,0,0,0,1,0,0,0,0,0,0,0,0,0,0,0,0,380000,0,0,14,0,0,0,0,0,0,0,0,0,0,0,0,0,0,0,9,0,0,0,0,0,0,0,0,0,0,0,0,0,0,13,3,0,0,0,0,0,0,0,0,0,0,0,0,0,0,0,0,0,2,10,3,0,0,0,0,0,0,0,0,6210000,0,1,13,0,2,0,1,0,0,0,0,0,0,0,0,1e+07,0,0,5,0,0,0,2,0,0,0,0,0,0,0,0,74075000,0,13,17,0,2,0,2,0,0,0,0,0,0,0,0,47000,0,13,11,0,1,1,1,0,0,0,0,0,0,0,0,7e+06,0,0,11,0,0,0,0,0,0,0,0,0,0,0,0,550000,0,0,5,0,0,48,4,0,0,0,0,0,0,0,0,0,0,0,13,0,8,33,21,0,0,0,0,0,0,0,0,0,0,0,9,0,0,0,0,0,0,0,0,0,0,0,0,0,0,0,0,0,0,0,0,0,0,0,0,0,0,0,0,1.32e+08,0,0,4,0,0,0,0,0,0,0,0,0,0,0,0,0,0,0,5,0,0,0,0,0,0,0,0,0,0,0,0,77000,19,0,6,25000,3,9,44,0,0,0,0,0,0,0,1,0,0,0,0,0,0,0,0,0,0,0,0,0,0,0,0,0,0,0,3,0,0,0,2,0,0,0,0,0,0,0,0,50000,0,0,14,0,0,0,1,380000,0,0,14,0,0,0,9,0,0,13,3,0,2,10,3,6210000,2,1,14,1e+07,0,0,7,74075000,2,13,19,47000,1,14,12,7e+06,0,0,11,550000,0,48,9,0,8,33,34,0,0,0,9,0,0,0,0,1.32e+08,0,0,4,0,0,0,5,102000,22,9,50,0,0,0,1,0,0,0,5
"ARKANSAS",0,0,0,0,0,0,0,0,0,0,0,0,0,0,0,0,0,0,0,0,0,0,0,0,0,0,0,0,0,0,0,0,0,0,0,0,0,0,0,0,0,0,0,0,0,0,0,0,0,0,0,0,0,0,0,0,0,0,0,0,0,0,0,0,0,0,0,0,0,0,0,0,0,0,0,0,0,0,0,0,10000,0,0,47,0,0,0,0,0,0,0,0,0,0,0,0,34682000,1,4,63,0,0,1,1,0,0,0,3,0,0,0,0,0,0,0,0,120000,0,0,3,0,0,0,3,0,0,0,0,0,0,0,0,60000,0,0,20,0,2,1,82,0,0,0,0,0,0,0,0,7240000,0,4,70,0,0,0,112,0,0,0,0,0,0,0,0,75000,0,7,53,0,2,0,22,0,0,0,0,0,0,0,0,75000,0,0,15,0,0,0,0,0,0,0,0,0,0,0,0,0,0,0,0,0,2,0,33,0,0,0,0,0,0,0,0,250000,0,0,1,0,0,0,51,0,0,0,0,0,0,0,0,0,0,0,0,0,0,0,0,0,0,0,0,0,0,0,0,0,0,0,0,0,0,0,0,0,0,0,0,0,0,0,0,0,0,0,0,0,0,0,0,0,0,0,0,0,0,0,0,8e+05,0,0,3,0,0,0,0,0,0,0,0,0,0,0,0,0,0,0,7,0,0,0,4,0,0,0,0,0,0,0,0,0,0,0,0,0,0,0,0,0,0,0,0,0,0,0,0,0,0,0,0,0,0,0,3,0,0,0,0,0,0,0,0,0,0,0,0,0,0,0,0,0,0,0,0,0,0,0,0,10000,0,0,47,34682000,1,5,67,120000,0,0,6,60000,2,1,102,7240000,0,4,182,75000,2,7,75,75000,0,0,15,0,2,0,33,250000,0,0,52,0,0,0,0,0,0,0,0,0,0,0,0,8e+05,0,0,3,0,0,0,11,0,0,0,0,0,0,0,3
"CALIFORNIA",0,0,0,0,6838000,0,9,15,0,0,0,0,0,0,0,0,0,0,0,0,574502200,1,46,32,0,0,0,0,0,0,0,0,0,0,0,0,37708800,1,31,81,0,0,0,0,0,0,0,0,0,0,0,0,129400000,1,130,124,0,0,0,0,0,0,0,0,0,0,0,0,11119500,0,45,63,0,0,0,0,0,0,0,0,0,0,0,0,6618500,0,20,35,0,0,0,0,0,0,0,0,0,0,0,0,188100000,2,119,67,0,2,0,19,0,0,0,0,0,0,0,0,37216000,2,106,40,0,0,0,0,0,0,0,0,0,0,0,0,675500,0,9,24,0,0,0,0,0,0,0,0,0,0,0,0,15625000,0,31,21,0,2,0,1,0,0,0,0,0,0,0,0,5494000,1,28,22,0,0,0,0,0,0,0,0,0,0,0,0,57172000,2,56,59,0,1,0,1,0,0,0,0,0,0,0,0,1956000,7,12,34,0,0,0,0,0,0,0,0,0,0,0,0,55550000,4,6,41,0,0,0,23,0,0,0,0,0,0,0,0,58700000,0,30,12,0,0,0,0,0,0,0,0,0,0,0,0,117777000,1,107,85,0,0,0,0,0,0,0,0,0,0,0,0,2189122330,22,244,130,0,0,0,0,0,0,0,0,0,0,0,0,94025000,6,40,75,0,0,0,0,0,0,0,0,0,0,0,0,32775000,1,50,42,0,0,2,16,0,0,0,0,0,0,0,10,31855000,0,1,20,0,0,0,0,0,0,0,0,0,0,0,0,1326315000,10,218,66,0,24,5,36,0,0,0,0,6838000,0,9,15,574502200,1,46,32,37708800,1,31,81,129400000,1,130,124,11119500,0,45,63,6618500,0,20,35,188100000,4,119,86,37216000,2,106,40,675500,0,9,24,15625000,2,31,22,5494000,1,28,22,57172000,3,56,60,1956000,7,12,34,55550000,4,6,64,58700000,0,30,12,117777000,1,107,85,2189122330,22,244,130,94025000,6,40,75,32775000,1,52,58,31855000,0,1,30,1326315000,34,223,102
"COLORADO",0,0,0,0,0,0,0,7,0,0,0,0,0,0,0,0,0,0,0,0,15040000,0,0,49,0,0,0,0,0,0,0,0,0,0,0,0,0,0,0,13,0,0,0,0,0,0,0,0,0,0,0,0,59026000,0,4,64,0,0,0,0,0,0,0,0,0,0,0,0,0,0,0,15,0,0,0,0,0,0,0,0,0,0,0,0,5750000,0,0,16,0,0,0,0,0,0,0,0,0,0,0,0,6080000,3,1,9,0,0,0,0,0,0,0,0,0,0,0,0,23000,0,1,3,0,0,0,0,0,0,0,0,0,0,0,0,218595000,0,1,16,0,0,0,0,0,0,0,0,0,0,0,0,0,0,4,27,0,0,0,0,0,0,0,0,0,0,0,0,824830000,5,3,30,0,0,0,0,0,0,0,0,0,0,0,0,0,0,0,2,0,0,0,0,0,0,0,0,0,0,0,0,0,0,0,0,0,0,0,0,0,0,0,0,0,0,0,0,0,0,0,10,0,0,0,0,0,0,0,0,0,0,0,0,50000,0,0,1,0,0,0,0,0,0,0,0,0,0,0,0,0,0,0,7,0,0,0,0,0,0,0,0,0,0,0,0,0,0,0,29,0,0,0,0,0,0,0,0,0,0,0,0,1015000,0,2,22,0,0,0,0,0,0,0,0,0,0,0,0,2.96e+08,0,1,13,0,0,0,0,0,0,0,0,0,0,0,0,0,0,0,0,0,0,0,0,0,0,0,0,0,0,0,0,801000,0,0,9,0,0,0,0,0,0,0,0,0,0,0,7,15040000,0,0,49,0,0,0,13,59026000,0,4,64,0,0,0,15,5750000,0,0,16,6080000,3,1,9,23000,0,1,3,218595000,0,1,16,0,0,4,27,824830000,5,3,30,0,0,0,2,0,0,0,0,0,0,0,10,50000,0,0,1,0,0,0,7,0,0,0,29,1015000,0,2,22,2.96e+08,0,1,13,0,0,0,0,801000,0,0,9
"CONNECTICUT",0,0,0,0,0,0,0,0,0,0,0,0,0,0,0,0,0,0,0,0,0,0,0,0,0,0,0,4,0,0,0,0,0,0,0,0,0,0,0,0,0,0,0,2,0,0,0,0,0,0,0,0,0,0,0,1,0,0,0,0,0,0,0,0,0,0,0,0,0,0,0,0,0,0,0,0,0,0,0,0,0,0,0,0,0,0,0,0,0,0,0,0,0,0,0,0,32000,0,0,8,0,0,0,0,0,0,0,0,0,0,0,0,0,0,0,0,0,0,0,0,0,0,0,0,0,0,0,0,0,0,0,0,0,0,0,0,0,0,0,2,0,0,0,0,6e+07,1,2,10,0,0,0,0,0,0,0,13,0,0,0,0,0,0,0,0,0,0,0,0,0,0,0,1,0,0,0,0,0,0,0,0,0,0,0,0,0,0,0,0,0,0,0,0,0,0,0,0,0,0,0,0,0,0,0,0,0,0,0,0,0,0,0,0,0,0,0,0,0,0,0,4,0,0,0,0,0,0,0,0,0,0,0,0,0,0,0,0,0,0,0,0,0,0,0,0,0,0,0,0,0,0,0,0,0,0,0,0,0,0,0,0,0,0,0,0,0,0,0,0,0,0,0,0,0,0,0,0,0,0,0,0,0,0,0,0,0,0,0,0,0,0,0,0,0,0,0,0,0,0,0,3,0,0,0,0,0,0,0,0,0,0,0,0,0,0,0,0,0,0,0,0,0,0,0,0,0,0,0,0,0,0,0,0,0,0,0,0,0,0,0,0,0,0,0,4,0,0,0,2,0,0,0,1,0,0,0,0,0,0,0,0,32000,0,0,8,0,0,0,0,0,0,0,2,6e+07,1,2,23,0,0,0,1,0,0,0,0,0,0,0,0,0,0,0,4,0,0,0,0,0,0,0,0,0,0,0,0,0,0,0,0,0,0,0,3,0,0,0,0,0,0,0,0
"DELAWARE",0,0,0,0,0,0,0,0,0,0,0,0,0,0,0,0,0,0,0,0,0,0,0,1,0,0,0,4,0,0,0,0,0,0,0,0,0,0,0,0,0,0,0,4,0,0,0,0,0,0,0,0,0,0,0,6,0,0,0,0,0,0,0,0,0,0,0,0,0,0,0,1,0,0,0,0,0,0,0,0,0,0,0,0,0,0,0,4,0,0,0,0,0,0,0,0,0,0,0,4,0,0,0,0,0,0,0,8,0,0,0,0,0,0,0,0,0,0,0,0,0,0,0,3,0,0,0,0,0,0,0,0,0,0,0,0,0,0,0,16,0,0,0,0,0,0,0,4,0,0,0,0,0,0,2,5,0,0,0,0,0,0,0,0,0,0,1,1,0,0,0,4,0,0,0,0,0,0,0,0,0,0,0,0,0,0,0,0,0,0,0,0,0,0,0,0,0,0,0,0,0,0,0,1,0,0,0,0,0,0,0,0,0,0,0,0,0,0,24,2,0,0,0,0,0,0,0,3,0,0,0,0,0,0,0,0,0,0,0,0,0,0,0,0,0,0,0,0,0,0,0,0,0,0,0,0,17750000,0,0,3,0,0,0,0,0,0,0,0,0,0,0,0,0,0,0,0,5000,0,1,3,0,0,0,0,0,0,0,0,0,0,0,0,0,0,0,1,0,1,0,3,0,0,0,0,0,0,0,0,0,0,0,0,0,0,0,0,0,0,0,0,0,0,0,0,0,0,0,0,0,0,0,14,0,0,0,0,0,0,0,0,0,0,0,5,0,0,0,4,0,0,0,6,0,0,0,1,0,0,0,4,0,0,0,12,0,0,0,3,0,0,0,16,0,0,2,9,0,0,1,5,0,0,0,0,0,0,0,1,0,0,24,2,0,0,0,3,0,0,0,0,17750000,0,0,3,5000,0,1,3,0,1,0,4,0,0,0,0,0,0,0,14
"DISTRICT OF COLUMBIA",0,0,0,0,0,0,0,0,0,0,0,0,0,0,0,0,0,0,0,0,0,0,0,0,0,0,0,1,0,0,0,0,0,0,0,0,0,0,0,0,0,0,0,0,0,0,0,0,0,0,0,0,0,0,0,0,0,0,0,0,0,0,0,0,0,0,0,0,0,0,0,0,0,0,0,0,0,0,0,0,0,0,0,0,0,0,0,0,0,0,0,0,0,0,0,0,0,0,0,0,0,0,0,0,0,0,0,0,0,0,0,0,0,0,0,0,0,0,0,0,0,0,0,0,0,0,0,0,0,0,0,0,0,0,0,0,0,0,0,0,0,0,0,0,2400000,0,0,1,0,0,0,0,0,0,0,1,0,0,0,0,0,0,0,0,0,0,0,0,0,0,0,1,0,0,0,0,0,0,0,0,0,0,0,0,0,0,0,0,0,0,0,0,0,0,0,0,0,0,0,0,0,0,0,0,0,0,0,0,0,0,0,0,0,0,0,0,0,0,0,2,0,0,0,0,0,0,0,0,0,0,0,0,0,0,0,0,0,0,0,0,2e+05,0,0,1,0,0,0,0,0,0,0,0,0,0,0,0,1.25e+08,0,0,1,0,0,0,0,0,0,0,0,0,0,0,0,0,0,0,0,0,0,0,0,0,0,0,0,0,0,0,0,0,0,0,0,0,0,0,0,0,0,0,1,0,0,0,0,0,0,0,0,0,0,0,0,0,0,0,0,0,0,0,0,0,0,0,0,0,0,0,0,0,0,0,0,0,0,0,0,0,0,0,0,0,0,0,1,0,0,0,0,0,0,0,0,0,0,0,0,0,0,0,0,0,0,0,0,0,0,0,0,0,0,0,0,2400000,0,0,2,0,0,0,1,0,0,0,0,0,0,0,0,0,0,0,2,0,0,0,0,2e+05,0,0,1,1.25e+08,0,0,1,0,0,0,0,0,0,0,1,0,0,0,0,0,0,0,0
"FLORIDA",30020000,2,65,33,3.8e+08,0,82,33,0,0,0,0,0,0,0,0,50000,0,0,27,1905000,0,2,53,0,0,0,0,0,0,0,0,28850000,1,6,45,2e+05,0,1,37,0,0,0,0,0,0,0,0,22699000,0,1,35,0,0,0,0,0,0,0,0,0,0,0,0,397465000,7,0,95,0,0,0,7,0,0,0,0,0,0,0,0,119675000,0,0,73,0,0,0,1,0,0,0,0,0,0,0,0,86909000,12,6,80,16980000,1,32,15,0,0,0,0,0,0,0,0,8e+05,1,0,11,65000,0,0,5,0,0,0,0,0,0,0,0,2000,0,0,1,0,1,0,6,0,0,0,4,0,0,0,0,0,0,0,4,177000,0,0,37,0,0,8,1,0,0,0,0,3177000,3,0,59,10000,11,18,14,0,0,0,0,0,0,0,0,0,0,0,0,0,0,0,1,0,0,0,0,0,0,0,0,0,0,0,0,0,0,0,1,0,0,0,0,0,0,0,0,2121983000,5,1,107,0,0,0,13,0,0,0,0,0,0,0,0,45095000,0,1,30,0,0,0,2,0,0,0,0,0,0,0,0,425000,0,0,16,11087000,0,16,97,0,0,0,0,0,0,0,0,0,0,0,0,0,0,1,1,0,0,0,0,0,0,0,0,390200,0,0,56,0,0,0,1,0,0,0,0,0,0,0,0,0,0,0,8,0,0,0,5,0,0,0,0,0,0,0,0,0,0,0,0,0,0,0,0,0,0,0,0,0,0,0,0,41000,0,1,16,10825000,0,0,20,0,0,0,0,0,0,0,0,410020000,2,147,66,1955000,0,2,80,29050000,1,7,82,22699000,0,1,35,397465000,7,0,102,119675000,0,0,74,103889000,13,38,95,865000,1,0,16,2000,1,0,11,177000,0,8,42,3187000,14,18,73,0,0,0,1,0,0,0,1,2121983000,5,1,120,45095000,0,1,32,11512000,0,16,113,0,0,1,1,390200,0,0,57,0,0,0,13,0,0,0,0,10866000,0,1,36
"GEORGIA",650000,0,0,17,0,0,0,0,0,0,0,0,0,0,0,0,0,0,0,0,0,0,0,1,0,0,0,0,0,0,0,0,0,0,0,7,0,0,0,0,0,0,0,0,0,0,0,0,5735000,0,0,104,0,0,0,0,0,0,0,97,0,0,0,0,6405000,0,0,397,3190000,0,7,3,0,0,0,0,0,0,0,0,0,0,0,285,1000,0,0,1,0,0,0,0,0,0,0,0,14915500,1,0,148,130000,0,0,6,0,0,0,0,0,0,0,0,0,0,0,97,311600,0,0,22,0,0,0,0,0,0,0,0,0,0,0,0,126170,0,1,19,0,0,0,12,0,0,0,0,0,0,0,97,2317500,0,0,26,0,0,0,3,0,0,0,0,2311500,0,0,23,432800,0,0,34,0,0,0,105,0,0,0,0,0,0,0,0,164960,0,1,34,0,0,0,0,0,0,0,0,0,0,0,0,0,0,0,0,0,1,0,1,0,0,0,0,2564000,2,4,79,18257010,0,0,12,0,0,0,0,0,0,0,0,0,0,0,0,0,0,0,0,0,0,0,0,0,0,0,0,0,0,0,0,0,0,0,1,0,0,0,0,0,0,0,0,0,0,0,97,0,0,0,0,0,0,0,0,0,0,0,0,0,0,0,36,0,0,0,0,0,0,0,0,0,0,0,0,13250,0,0,12,41300,0,0,21,0,0,0,0,0,0,0,0,0,0,0,0,0,0,0,0,0,0,0,0,0,0,0,0,0,0,0,4,21701000,0,3,8,0,3,0,100,0,0,0,43,650000,0,0,17,0,0,0,1,0,0,0,7,5735000,0,0,201,9595000,0,7,400,1000,0,0,286,15045500,1,0,154,311600,0,0,119,126170,0,1,31,2317500,0,0,126,2744300,0,0,162,164960,0,1,34,0,1,0,1,20821010,2,4,91,0,0,0,0,0,0,0,1,0,0,0,97,0,0,0,36,54550,0,0,33,0,0,0,0,21701000,3,3,155
"GUAM",0,0,0,2,250000,0,0,4,0,0,0,0,0,0,0,0,6e+05,0,0,4,0,0,0,0,0,0,0,0,0,0,0,0,950000,0,0,2,0,0,1,1,0,0,0,0,0,0,0,0,0,0,0,0,0,0,0,0,0,0,0,0,0,0,0,0,1e+06,0,0,8,0,0,0,0,0,0,0,0,0,0,0,0,0,0,0,0,0,0,0,0,0,0,0,0,0,0,0,0,0,0,0,0,0,0,0,0,0,0,0,0,0,0,0,0,15000,0,0,3,0,0,0,0,0,0,0,0,0,0,0,0,0,0,0,2,0,0,0,0,0,0,0,0,0,0,0,0,0,0,0,1,0,0,0,0,0,0,0,0,0,0,0,0,45000,0,0,3,0,0,0,0,0,0,0,0,1e+07,0,0,1,2500000,0,0,2,0,0,0,0,0,0,0,0,3e+05,0,0,3,4400000,9,0,12,0,0,0,0,0,0,0,0,0,0,0,0,1e+05,0,0,1,0,0,0,1,0,0,0,0,0,0,0,0,0,0,0,0,0,0,0,0,0,0,0,0,0,0,0,0,0,0,0,0,0,0,0,0,0,0,0,0,0,0,0,0,18125000,2,0,4,0,0,0,0,0,0,0,0,0,0,0,0,105000,0,0,4,0,0,0,0,0,0,0,0,0,0,0,0,0,0,0,0,0,0,0,0,0,0,0,0,10050000,0,0,2,0,0,0,1,0,0,0,0,0,0,0,0,0,0,0,0,10000,0,0,1,0,0,0,0,0,0,0,0,0,0,0,0,250000,0,0,6,6e+05,0,0,4,950000,0,1,3,0,0,0,0,1e+06,0,0,8,0,0,0,0,0,0,0,0,15000,0,0,3,0,0,0,2,0,0,0,1,10045000,0,0,4,2800000,0,0,5,4400000,9,0,12,1e+05,0,0,2,0,0,0,0,0,0,0,0,18125000,2,0,4,105000,0,0,4,10050000,0,0,2,0,0,0,1,10000,0,0,1
"HAWAII",0,0,0,0,0,0,0,6,0,0,0,0,0,0,0,0,0,0,0,0,230000,0,1,10,0,0,0,0,0,0,0,0,0,0,0,0,0,0,3,10,0,0,0,0,0,0,0,0,0,0,0,0,0,0,0,16,0,0,0,0,0,0,0,0,0,0,0,0,200,0,2,8,0,0,0,0,0,0,0,0,0,0,0,0,50000,0,0,23,0,0,0,0,0,0,0,0,0,0,0,0,0,0,0,5,0,0,0,0,0,0,0,0,0,0,0,0,0,0,0,2,0,0,0,0,0,0,0,0,0,0,0,0,0,0,1,15,0,0,0,0,0,0,0,0,0,0,0,0,950000,0,0,9,0,0,0,0,0,0,0,0,0,0,0,0,5000,0,0,17,0,0,0,0,0,0,0,0,0,0,0,0,0,0,0,8,0,0,0,0,0,0,0,0,0,0,0,0,0,0,1,16,0,0,0,0,0,0,0,0,0,0,0,0,0,0,0,17,0,0,0,0,0,0,0,0,0,0,0,0,0,0,0,0,0,0,0,0,0,0,0,0,0,0,0,0,0,0,0,4,0,0,0,0,0,0,0,0,0,0,0,0,10000,0,5,27,0,0,0,0,0,0,0,0,0,0,0,0,0,0,0,7,0,0,0,0,0,0,0,0,0,0,0,9,0,0,0,10,0,0,0,0,0,0,0,0,0,0,0,0,0,0,0,0,0,0,0,0,0,0,0,0,0,0,0,0,0,0,0,13,0,0,0,0,0,0,0,0,0,0,0,6,230000,0,1,10,0,0,3,10,0,0,0,16,200,0,2,8,50000,0,0,23,0,0,0,5,0,0,0,2,0,0,1,15,950000,0,0,9,5000,0,0,17,0,0,0,8,0,0,1,16,0,0,0,17,0,0,0,0,0,0,0,4,10000,0,5,27,0,0,0,7,0,0,0,19,0,0,0,0,0,0,0,13
"IDAHO",0,0,0,0,120000,0,0,7,0,0,0,0,0,0,0,0,0,0,0,0,8e+05,0,0,17,0,0,0,0,0,0,0,0,0,0,0,0,0,0,1,5,0,0,0,0,0,0,0,0,0,0,0,0,0,0,0,5,0,0,0,0,0,0,0,0,0,0,0,0,0,0,0,0,0,0,0,0,0,0,0,0,0,0,0,0,1000,0,0,10,0,0,0,0,0,0,0,0,0,0,0,0,5e+06,1,0,6,0,0,0,0,0,0,0,0,0,0,0,0,0,0,0,0,0,0,0,0,0,0,0,0,0,0,0,0,604000,0,0,11,0,0,0,0,0,0,0,0,0,0,0,0,3700000,0,0,10,0,0,0,0,0,0,0,0,0,0,0,0,472570000,0,0,27,0,0,0,0,0,0,0,0,0,0,0,0,2252000,0,3,8,0,0,0,0,0,0,0,0,0,0,0,0,8500000,1,1,24,0,0,0,0,0,0,0,0,0,0,0,0,5000,0,0,37,0,0,0,0,0,0,0,0,0,0,0,0,0,0,0,12,0,0,0,0,0,0,0,0,0,0,0,0,0,0,0,4,0,0,0,0,0,0,0,0,0,0,0,0,525000,2,0,15,0,0,0,0,0,0,0,0,0,0,0,0,0,0,0,21,0,0,0,0,0,0,0,0,0,0,0,0,1100000,0,0,20,0,0,0,0,0,0,0,0,0,0,0,0,0,0,0,5,0,0,0,0,0,0,0,0,0,0,0,0,15000,0,0,20,0,0,0,0,0,0,0,0,120000,0,0,7,8e+05,0,0,17,0,0,1,5,0,0,0,5,0,0,0,0,1000,0,0,10,5e+06,1,0,6,0,0,0,0,604000,0,0,11,3700000,0,0,10,472570000,0,0,27,2252000,0,3,8,8500000,1,1,24,5000,0,0,37,0,0,0,12,0,0,0,4,525000,2,0,15,0,0,0,21,1100000,0,0,20,0,0,0,5,15000,0,0,20
"ILLINOIS",0,0,0,0,0,0,0,0,0,0,0,0,0,0,0,0,0,0,0,0,0,0,0,0,0,0,0,0,0,0,0,0,0,0,0,0,0,0,0,0,0,0,0,0,0,0,0,0,0,0,0,0,0,0,0,0,0,0,0,0,0,0,0,0,0,0,0,0,0,0,0,0,0,0,0,0,0,0,0,0,0,0,0,0,0,0,0,0,0,0,0,0,0,0,0,0,0,0,0,0,0,0,0,0,0,0,0,7,0,0,0,0,0,0,0,0,0,0,0,1,0,8,0,21,0,0,0,0,0,0,0,0,75000,0,0,1,0,1,12,195,0,0,0,0,0,0,0,0,0,0,0,1,0,10,0,122,0,0,0,0,0,0,0,0,2155000,0,5,4,750000,29,0,196,0,0,0,0,0,0,0,0,0,0,0,0,0,0,0,26,0,0,0,0,0,0,0,0,0,0,0,1,0,0,0,65,0,0,0,0,0,0,0,0,0,0,0,0,0,0,0,17,0,0,0,0,0,0,0,0,0,0,0,1,0,0,0,0,0,0,0,0,0,0,0,0,0,0,0,0,0,0,0,0,0,0,0,0,0,0,0,0,0,0,0,4,0,0,0,0,0,0,0,0,0,0,0,0,0,0,0,0,0,0,0,0,0,0,0,0,0,0,0,0,0,0,0,0,0,3,0,1,0,0,0,0,0,0,0,0,0,0,0,0,0,0,0,0,0,0,0,0,0,0,0,0,2050000,0,0,2,0,8,9,19,0,0,0,0,0,0,0,0,0,0,0,0,0,0,0,0,0,0,0,0,0,0,0,0,0,0,0,0,0,0,0,7,0,8,0,22,75000,1,12,196,0,10,0,123,2905000,29,5,200,0,0,0,26,0,0,0,66,0,0,0,17,0,0,0,1,0,0,0,0,0,0,0,4,0,0,0,0,0,3,0,1,0,0,0,0,2050000,8,9,21
"INDIANA",0,0,0,0,0,0,0,0,0,0,0,0,0,0,0,0,0,0,0,0,0,0,0,0,0,0,0,0,0,0,0,0,0,0,0,0,0,0,0,0,0,0,0,0,0,0,0,0,0,0,0,0,0,0,0,0,0,0,0,0,0,0,0,0,0,0,0,0,0,0,0,0,0,0,0,0,0,0,0,0,0,0,0,0,0,0,0,0,0,0,0,0,0,0,0,0,0,0,0,0,0,0,0,0,0,0,0,0,0,0,0,0,0,0,0,0,0,0,0,0,0,0,0,0,0,0,0,0,0,0,0,0,0,0,0,0,0,0,10,12,0,0,0,0,0,0,0,0,0,0,0,0,0,1,0,17,0,0,0,0,0,0,0,0,0,0,0,0,0,3,0,29,0,0,0,0,0,0,0,0,0,0,0,0,0,0,0,0,0,0,0,0,0,0,0,0,0,0,0,0,0,0,6,6,0,0,0,0,0,0,0,0,0,0,0,0,0,0,0,0,0,0,0,0,0,0,0,0,0,0,0,0,0,0,0,0,0,0,0,0,0,0,0,0,0,0,0,0,0,0,0,0,0,0,0,0,0,0,0,0,0,0,0,0,0,0,0,0,0,0,0,0,0,0,0,0,0,0,0,2,0,0,0,0,0,0,0,0,0,0,0,0,0,0,0,0,0,0,0,0,0,0,0,0,0,0,0,0,0,0,0,0,0,0,0,0,0,0,0,0,0,0,0,0,0,0,0,0,0,0,0,5,0,0,0,0,0,0,0,0,0,0,0,0,0,0,0,0,0,0,0,0,0,0,0,0,0,0,0,0,0,0,0,0,0,0,0,0,0,0,10,12,0,1,0,17,0,3,0,29,0,0,0,0,0,0,6,6,0,0,0,0,0,0,0,0,0,0,0,0,0,0,0,0,0,0,0,2,0,0,0,0,0,0,0,0,0,0,0,5
"IOWA",0,0,0,0,0,0,0,0,0,0,0,0,0,0,0,0,0,0,0,0,0,0,0,0,0,0,0,0,0,0,0,0,0,0,0,0,0,0,0,0,0,0,0,0,0,0,0,0,0,0,0,0,0,0,0,0,0,0,0,0,0,0,0,0,0,0,0,0,0,0,0,0,0,0,0,0,0,0,0,0,0,0,0,0,1e+06,0,2,1,0,0,0,0,0,0,0,0,0,0,0,0,0,0,0,0,0,0,0,0,0,0,0,0,0,0,0,0,0,0,0,0,0,0,0,5,0,0,0,0,0,0,0,0,0,0,0,0,0,0,0,7,0,0,0,0,0,0,0,0,115000,0,1,9,7156700,0,4,85,0,0,0,0,0,0,0,0,0,0,1,5,0,0,24,74,0,0,0,0,0,0,0,0,0,0,0,0,0,0,0,0,0,0,0,0,0,0,0,0,0,0,0,1,0,0,0,0,0,0,0,0,0,0,0,0,0,0,0,0,0,0,0,69,0,0,0,0,0,0,0,0,0,0,0,0,0,0,0,0,0,0,0,0,0,0,0,0,0,0,0,0,0,0,0,0,0,0,0,0,0,0,0,0,0,0,0,0,0,0,0,0,0,0,0,0,0,0,0,0,0,0,0,0,0,0,0,0,0,0,0,0,0,0,0,0,0,0,0,0,0,0,0,0,0,0,0,0,0,0,0,0,0,0,0,0,0,0,0,0,0,0,0,0,0,0,0,0,0,0,0,0,0,0,0,0,0,0,0,0,0,0,0,0,0,0,0,0,0,0,0,0,0,0,0,0,0,0,0,0,1e+06,0,2,1,0,0,0,0,0,0,0,5,0,0,0,7,7271700,0,5,94,0,0,25,79,0,0,0,0,0,0,0,1,0,0,0,69,0,0,0,0,0,0,0,0,0,0,0,0,0,0,0,0,0,0,0,0,0,0,0,0,0,0,0,0
"KANSAS",0,0,0,0,150000,0,0,1,0,0,0,0,0,0,0,0,0,0,0,0,0,0,0,0,0,0,0,0,0,0,0,0,0,0,0,0,0,0,0,0,0,0,0,0,0,0,0,0,0,0,0,0,0,0,0,0,0,0,0,0,0,0,0,0,0,0,0,0,0,0,0,0,0,0,0,0,0,0,0,0,0,0,0,0,0,0,0,0,0,0,0,0,0,0,0,0,0,0,0,0,0,0,0,0,0,0,0,0,0,0,0,0,0,0,0,0,0,0,0,0,0,0,0,0,0,0,0,0,0,0,0,0,1e+05,0,1,1,240000,0,0,90,0,0,0,0,0,0,0,0,1005000,0,0,5,108000,6,6,163,0,0,0,0,0,0,0,0,115000,0,0,3,0,0,0,50,0,0,0,0,0,0,0,0,1e+05,0,0,1,0,1,0,2,0,0,0,0,0,0,0,0,50000,0,0,1,0,0,0,0,0,0,0,0,0,0,0,0,60200000,0,0,2,0,0,0,0,0,0,0,0,0,0,0,0,250000,0,3,1,0,0,0,0,0,0,0,0,0,0,0,0,0,0,0,0,0,0,0,0,0,0,0,0,0,0,0,0,0,0,0,0,0,0,0,0,0,0,0,0,0,0,0,0,1110000,0,0,6,0,0,0,0,0,0,0,0,0,0,0,0,0,0,0,0,0,0,0,0,0,0,0,0,0,0,0,0,0,0,0,0,0,0,0,0,0,0,0,0,0,0,0,0,0,0,0,0,0,0,0,7,0,0,0,0,150000,0,0,1,0,0,0,0,0,0,0,0,0,0,0,0,0,0,0,0,0,0,0,0,0,0,0,0,0,0,0,0,340000,0,1,91,1113000,6,6,168,115000,0,0,53,1e+05,1,0,3,50000,0,0,1,60200000,0,0,2,250000,0,3,1,0,0,0,0,0,0,0,0,1110000,0,0,6,0,0,0,0,0,0,0,0,0,0,0,7
"KENTUCKY",0,0,0,0,0,0,0,0,0,0,0,0,0,0,0,0,0,0,0,0,0,0,0,1,0,0,0,16,0,0,0,0,0,0,0,0,0,0,0,0,0,0,0,4,0,0,0,0,0,0,0,0,0,0,0,0,0,0,0,12,0,0,0,0,0,0,0,0,0,0,0,23,0,0,0,0,0,0,0,0,0,0,0,0,0,0,0,1,0,0,0,0,0,0,0,0,0,0,0,0,0,0,0,1,0,0,0,0,0,0,0,0,0,0,0,0,0,0,0,0,0,0,0,0,0,0,0,0,0,0,0,0,25000,0,0,3,0,1,49,136,0,0,0,0,0,0,0,0,0,0,0,0,0,1,3,50,0,0,0,0,0,0,0,0,0,0,1,3,0,0,0,46,0,0,0,0,0,0,0,0,0,0,0,0,0,0,0,0,0,0,0,0,0,0,0,0,0,0,0,0,0,0,0,22,0,0,0,0,0,0,0,0,0,2,20,9,0,0,0,0,0,0,0,0,0,0,0,0,0,0,0,1,0,0,0,0,0,0,0,0,0,0,0,0,0,0,0,0,0,0,0,0,0,0,0,0,0,0,0,0,0,0,0,0,0,0,0,0,0,0,0,0,0,0,0,0,0,0,0,3,0,0,0,0,0,0,0,0,0,0,0,0,0,0,0,0,0,0,0,0,0,0,0,0,0,0,0,0,0,0,0,0,0,0,0,0,0,0,0,0,0,0,0,0,0,0,0,0,0,0,0,19,0,0,0,0,0,0,0,0,0,0,0,17,0,0,0,4,0,0,0,12,0,0,0,23,0,0,0,1,0,0,0,1,0,0,0,0,25000,1,49,139,0,1,3,50,0,0,1,49,0,0,0,0,0,0,0,22,0,2,20,9,0,0,0,1,0,0,0,0,0,0,0,0,0,0,0,3,0,0,0,0,0,0,0,0,0,0,0,19
"LOUISIANA",52560000,0,3,42,0,0,0,0,0,0,0,0,0,0,0,0,0,0,0,0,0,0,0,0,0,0,0,0,0,0,0,0,0,0,0,2,0,0,0,0,0,0,0,0,0,0,0,0,108750000,0,0,41,0,0,0,0,0,0,0,0,0,0,0,0,50000,0,0,20,0,0,0,0,0,0,0,0,0,0,0,0,4.8e+07,0,0,34,0,0,0,0,0,0,0,0,0,0,0,0,83031000,3,13,88,0,0,0,0,0,2,0,2,818607500,5,0,39,0,1,0,14,0,0,0,0,0,0,0,0,0,0,0,0,0,0,0,0,106000,0,1,3,90000,5,0,15,0,0,0,0,595000,0,0,51,1170000,0,2,9,0,8,1,93,0,0,0,0,1011000,0,0,25,0,0,0,0,0,1,0,1,117340500,0,0,31,0,0,0,0,0,0,0,0,0,0,0,0,0,0,0,0,0,0,0,0,575000,0,0,4,0,0,0,0,0,0,0,0,0,0,0,0,250000,0,0,1,0,0,0,0,0,0,0,0,0,0,0,0,0,0,0,0,0,0,0,0,0,0,0,0,0,0,0,0,0,0,0,0,0,0,0,0,0,0,0,0,3.4e+07,0,0,17,0,0,0,1,0,0,0,0,0,0,0,0,0,0,0,0,0,0,0,0,0,0,0,0,0,0,0,0,0,0,0,0,0,0,1,1,0,0,0,0,0,0,0,0,0,0,0,0,0,0,0,0,0,0,0,0,0,0,0,0,250000,0,0,4,0,0,0,0,0,0,0,0,4e+05,0,0,2,52560000,0,3,42,0,0,0,0,0,0,0,2,108750000,0,0,41,50000,0,0,20,4.8e+07,0,0,34,901638500,10,13,129,0,1,0,14,196000,5,1,18,1765000,8,3,153,118351500,1,0,57,0,0,0,0,575000,0,0,4,250000,0,0,1,0,0,0,0,0,0,0,0,3.4e+07,0,0,18,0,0,0,0,0,0,1,1,0,0,0,0,650000,0,0,6
"MAINE",0,0,0,0,0,0,0,0,0,0,0,0,0,0,0,0,0,0,0,0,0,0,0,0,0,0,0,0,0,0,0,0,0,0,0,0,0,0,0,0,0,0,0,0,0,0,0,0,0,0,0,0,0,0,0,0,0,0,0,0,0,0,0,0,0,0,0,0,0,0,0,0,0,0,0,0,0,0,0,0,0,0,0,0,0,0,0,0,0,0,0,0,0,0,0,0,0,0,0,2,0,0,0,0,0,0,0,0,0,0,0,0,0,0,0,0,0,0,0,0,0,0,0,0,0,0,0,0,0,0,0,2,0,0,0,0,0,0,0,0,0,0,0,0,0,0,0,32,0,0,0,0,0,0,0,0,0,0,0,0,0,0,0,0,0,0,0,0,0,0,0,0,0,0,0,0,0,0,0,0,0,0,0,0,0,0,0,0,0,0,0,0,0,0,0,0,0,0,0,0,0,0,0,0,0,0,0,0,0,0,0,0,0,0,0,0,0,0,0,0,0,0,0,0,0,0,0,0,0,0,0,0,0,0,0,0,0,0,0,0,0,0,0,0,0,0,0,0,0,0,0,0,0,0,0,0,0,0,0,0,0,0,0,0,0,0,0,0,0,0,0,0,0,0,0,0,0,0,0,0,0,0,0,0,0,0,0,0,0,0,0,0,0,0,0,0,0,0,0,0,0,0,0,0,0,0,0,0,0,0,0,0,0,0,0,0,0,0,0,0,0,0,0,0,0,0,0,0,0,0,0,0,0,0,0,0,0,0,0,0,0,0,0,0,0,0,0,0,0,0,0,0,0,0,0,0,0,0,0,0,0,0,0,2,0,0,0,0,0,0,0,2,0,0,0,32,0,0,0,0,0,0,0,0,0,0,0,0,0,0,0,0,0,0,0,0,0,0,0,0,0,0,0,0,0,0,0,0,0,0,0,0,0,0,0,0,0,0,0,0
"MARYLAND",0,0,0,0,0,0,0,0,0,0,0,0,0,0,0,0,0,0,0,0,0,0,0,0,0,0,2,20,0,0,0,0,0,0,0,0,0,0,0,4,0,0,0,5,0,0,0,0,0,0,0,0,0,0,0,8,0,0,0,0,0,0,0,0,0,0,0,0,0,0,0,0,0,0,0,0,0,0,0,0,0,0,0,0,0,0,0,0,0,0,0,0,0,0,0,0,30000,0,0,15,0,0,0,0,0,2,0,12,0,0,0,0,0,0,0,0,0,0,0,0,0,0,0,5,0,0,0,0,0,0,0,0,0,0,0,0,0,1,0,20,0,0,0,0,14250000,1,0,22,0,0,0,4,0,2,0,30,0,0,0,0,0,0,0,0,0,0,1,1,0,3,0,14,0,0,0,0,0,0,0,0,0,0,0,0,0,0,0,0,0,0,0,0,0,0,0,0,0,0,0,0,0,0,0,0,0,0,0,0,0,0,0,5,0,0,0,0,0,0,0,10,0,0,0,0,1e+05,0,0,5,0,0,0,0,0,0,0,0,0,0,0,0,9e+05,0,0,7,0,0,0,0,0,0,0,0,0,0,0,0,532931000,1,200,17,0,0,0,0,0,0,0,0,0,0,0,0,0,0,0,0,0,0,2,3,0,0,0,0,0,0,0,0,0,0,0,0,0,0,0,0,0,0,0,7,0,0,0,0,0,0,0,0,0,0,0,0,0,0,0,0,0,0,0,0,0,0,0,0,0,0,0,0,0,0,0,20,0,0,0,0,0,0,0,0,0,0,2,20,0,0,0,9,0,0,0,8,0,0,0,0,0,0,0,0,30000,2,0,27,0,0,0,5,0,1,0,20,14250000,3,0,56,0,3,1,15,0,0,0,0,0,0,0,0,0,0,0,15,1e+05,0,0,5,9e+05,0,0,7,532931000,1,200,17,0,0,2,3,0,0,0,7,0,0,0,0,0,0,0,20
"MASSACHUSETTS",0,0,0,0,0,0,0,0,0,0,0,0,0,0,0,0,0,0,0,0,0,0,0,0,0,0,0,5,0,0,0,0,0,0,0,0,0,0,0,0,0,0,0,8,0,0,0,0,0,0,0,0,0,0,0,1,0,0,0,0,0,0,0,0,0,0,0,0,0,0,0,0,0,0,0,0,0,0,0,0,0,0,0,0,0,0,0,0,0,0,0,0,0,0,0,0,10000,0,0,2,0,0,0,0,0,0,0,0,0,0,0,0,5000,0,0,1,0,0,0,0,0,0,0,0,0,0,0,0,20000,0,0,1,0,0,0,0,0,0,0,3,0,0,0,0,34697000,0,0,22,0,0,0,0,0,0,0,8,0,0,0,0,0,0,0,0,0,0,1,3,0,0,0,0,0,0,0,0,0,0,0,1,0,0,0,0,0,0,0,0,0,0,0,0,0,0,0,0,0,0,0,0,0,0,0,0,0,0,0,0,40000,0,0,1,0,0,0,2,0,0,0,0,0,0,0,0,0,0,0,0,0,0,0,0,0,0,0,0,0,0,0,0,0,0,0,0,0,0,0,0,0,0,0,0,0,0,0,0,0,0,0,0,0,0,0,0,0,0,0,0,0,0,0,0,0,0,0,0,0,0,0,0,0,0,0,0,0,0,0,0,0,0,0,0,0,0,0,0,0,0,0,0,0,0,0,0,0,0,0,0,0,0,0,0,0,0,0,0,0,0,0,0,0,0,0,0,0,0,0,0,0,0,0,0,0,0,0,0,0,0,0,0,0,0,0,5,0,0,0,8,0,0,0,1,0,0,0,0,0,0,0,0,10000,0,0,2,5000,0,0,1,20000,0,0,4,34697000,0,0,30,0,0,1,3,0,0,0,1,0,0,0,0,40000,0,0,3,0,0,0,0,0,0,0,0,0,0,0,0,0,0,0,0,0,0,0,0,0,0,0,0,0,0,0,0
"MICHIGAN",0,0,0,0,0,0,0,0,0,0,0,0,0,0,0,0,0,0,0,0,0,0,0,1,0,0,0,17,0,0,0,0,0,0,0,0,0,0,0,0,0,0,0,0,0,0,0,0,0,0,0,0,0,0,0,0,0,0,0,0,0,0,0,0,0,0,0,0,0,0,0,0,0,0,0,0,0,0,0,0,0,0,0,0,0,0,0,1,0,0,0,0,0,0,0,0,0,0,0,0,750000,0,0,1,0,0,0,0,0,0,0,0,0,0,0,0,4050000,0,0,2,0,0,0,0,0,0,0,0,0,0,0,0,950000,0,0,2,0,0,0,0,0,0,0,0,0,0,0,0,10000,0,0,1,0,3,0,17,0,0,0,0,0,0,0,0,1.2e+07,0,0,3,0,0,0,0,0,0,0,0,0,0,0,0,0,0,0,0,0,0,0,0,0,0,0,0,0,0,0,0,0,0,0,0,0,0,0,0,0,0,0,0,0,0,0,0,20000,0,0,1,0,0,0,0,0,0,0,0,0,0,0,0,0,0,0,0,0,0,0,0,0,0,0,0,0,0,0,0,960000,0,4,4,0,0,0,0,0,0,0,0,0,0,0,0,20000,0,0,1,0,0,0,0,0,0,0,0,0,0,0,0,6e+05,0,0,2,0,0,0,0,0,0,0,0,0,0,0,0,0,0,0,0,0,0,0,0,0,0,0,0,0,0,0,0,0,0,0,0,0,0,0,0,0,0,0,0,0,0,0,0,116000,0,0,5,0,0,0,0,0,0,0,0,0,0,0,0,0,0,0,18,0,0,0,0,0,0,0,0,0,0,0,0,0,0,0,1,750000,0,0,1,4050000,0,0,2,950000,0,0,2,10000,3,0,18,1.2e+07,0,0,3,0,0,0,0,0,0,0,0,20000,0,0,1,0,0,0,0,960000,0,4,4,20000,0,0,1,6e+05,0,0,2,0,0,0,0,0,0,0,0,116000,0,0,5
"MINNESOTA",0,0,0,0,0,0,0,0,0,0,0,0,0,0,0,0,0,0,0,0,0,0,0,0,0,0,0,0,0,0,0,0,0,0,0,0,0,0,0,0,0,0,0,0,0,0,0,0,0,0,0,0,0,0,0,0,0,0,0,0,0,0,0,0,0,0,0,0,0,0,0,0,0,0,0,0,0,0,0,0,0,0,0,0,0,0,0,0,0,0,0,0,0,0,0,0,0,0,0,0,0,0,0,0,0,0,0,0,0,0,0,0,0,0,0,0,0,0,0,3,0,0,0,0,0,0,0,0,0,0,0,0,0,0,0,0,0,0,0,0,0,0,0,0,0,0,0,0,7500,0,0,4,1198500,1,0,76,0,0,0,0,0,0,0,0,0,0,1,2,0,3,0,25,0,0,0,0,0,0,0,0,0,0,0,0,0,0,0,0,0,0,0,0,0,0,0,0,1e+05,0,0,1,0,0,0,0,0,0,0,0,0,0,0,0,0,0,0,0,0,0,0,66,0,0,0,0,0,0,0,0,0,0,0,0,0,0,0,0,0,0,0,0,0,0,0,0,0,0,0,0,0,0,0,0,0,0,0,0,0,0,0,0,20000,0,0,1,0,0,0,0,0,0,0,0,0,0,0,0,0,0,2,2,0,0,0,0,0,0,0,0,0,0,0,0,0,0,0,0,0,0,244,30,0,0,0,0,0,0,0,0,0,0,0,0,0,0,0,0,0,0,0,0,0,0,0,0,4e+06,0,0,1,0,0,0,0,0,0,0,0,0,0,0,0,0,0,0,0,0,0,0,0,0,0,0,0,0,0,0,0,0,0,0,0,0,0,0,0,0,0,0,3,0,0,0,0,1206000,1,0,80,0,3,1,27,0,0,0,0,1e+05,0,0,1,0,0,0,66,0,0,0,0,0,0,0,0,20000,0,0,1,0,0,2,2,0,0,244,30,0,0,0,0,4e+06,0,0,1
"MISSISSIPPI",85000,0,0,7,0,0,0,0,0,0,0,0,0,0,0,0,0,0,0,0,0,0,0,0,0,0,0,0,0,0,0,0,0,0,0,0,0,0,0,0,0,0,0,0,0,0,0,0,38910000,1,0,37,0,0,0,0,0,0,0,0,0,0,0,0,50000,0,0,6,0,0,0,0,0,0,0,0,0,0,0,0,10110000,0,0,48,0,0,0,0,0,0,0,0,0,0,0,0,5850000,0,0,14,0,0,0,0,0,0,0,0,19390000,0,0,8,1000,0,0,4,0,0,0,0,0,0,0,0,0,0,0,0,0,0,0,0,0,0,0,0,0,8,1,115,0,0,0,0,55000,0,0,7,0,0,0,0,0,0,0,60,0,0,0,0,7375000,1,2,27,0,0,0,0,0,0,0,22,0,0,0,0,0,0,0,0,0,0,0,0,0,0,0,0,0,0,0,0,0,0,0,0,0,0,0,0,0,0,0,0,0,0,0,0,0,0,0,0,0,0,0,0,0,0,0,19,0,0,0,0,0,0,0,0,0,0,0,0,0,0,0,0,0,0,0,0,0,0,0,0,0,0,0,0,0,0,0,0,0,0,0,0,1200000,0,0,28,0,0,0,0,0,0,0,0,0,0,0,0,0,0,0,0,0,0,0,1,0,0,0,0,0,0,0,0,0,0,0,0,0,0,0,0,0,0,0,0,0,0,0,0,0,0,0,0,0,0,0,0,0,0,0,0,0,0,0,0,0,0,0,0,0,0,0,0,0,1,0,22,0,0,0,0,85000,0,0,7,0,0,0,0,0,0,0,0,38910000,1,0,37,50000,0,0,6,10110000,0,0,48,25240000,0,0,22,1000,0,0,4,0,8,1,115,55000,0,0,67,7375000,1,2,49,0,0,0,0,0,0,0,0,0,0,0,19,0,0,0,0,0,0,0,0,1200000,0,0,28,0,0,0,1,0,0,0,0,0,0,0,0,0,1,0,22
"MISSOURI",0,0,0,0,0,0,0,0,0,0,0,0,0,0,0,0,0,0,0,0,1510000,0,5,18,0,0,0,0,0,0,0,0,0,0,0,0,0,0,0,0,0,0,0,0,0,0,0,0,0,0,0,0,0,0,0,0,0,0,0,0,0,0,0,0,0,0,0,0,0,0,0,0,0,0,0,0,0,0,0,0,0,0,0,0,0,0,0,0,0,0,0,0,0,0,0,0,3e+05,0,2,2,0,0,0,0,0,0,68,3,0,0,0,0,0,0,0,0,0,0,0,0,0,2,123,29,0,0,0,0,0,0,0,0,38000,0,0,8,0,3,265,207,0,0,0,0,0,0,0,0,524000,0,0,9,4e+05,14,613,114,0,0,0,0,0,0,0,0,910000,0,1,16,0,32,515,225,0,0,0,0,0,0,0,0,0,0,0,1,0,0,10,44,0,0,0,0,0,0,0,0,0,0,0,1,0,0,92,105,0,0,0,0,0,0,0,0,10000,0,0,3,0,2,70,45,0,0,0,0,0,0,0,0,0,0,0,0,0,0,0,0,0,0,0,0,0,0,0,0,0,0,0,8,0,0,0,0,0,0,0,0,0,0,0,0,0,0,0,0,0,0,0,0,0,0,0,0,0,0,0,0,40000,0,0,6,0,0,0,0,0,0,0,0,0,0,0,0,25000,0,0,1,0,0,0,0,0,0,0,0,0,0,0,0,0,0,0,0,0,0,0,0,0,0,0,0,0,0,0,0,0,0,0,0,0,12,953,66,0,0,0,0,0,0,0,0,1510000,0,5,18,0,0,0,0,0,0,0,0,0,0,0,0,0,0,0,0,3e+05,0,70,5,0,2,123,29,38000,3,265,215,924000,14,613,123,910000,32,516,241,0,0,10,45,0,0,92,106,10000,2,70,48,0,0,0,0,0,0,0,8,0,0,0,0,40000,0,0,6,25000,0,0,1,0,0,0,0,0,12,953,66
"MONTANA",0,0,0,0,725000,0,0,5,0,0,0,0,0,0,0,0,0,0,0,0,5350000,0,30,23,0,0,0,0,0,0,0,0,0,0,0,0,55000,0,3,7,0,0,0,0,0,0,0,0,0,0,0,0,0,0,0,2,0,0,0,0,0,0,0,0,0,0,0,0,0,0,0,1,0,0,0,0,0,0,0,0,0,0,0,0,0,0,0,0,0,0,0,0,0,0,0,0,0,0,0,0,100500,0,2,18,0,0,0,0,0,0,0,0,0,0,0,0,0,0,0,1,0,0,0,0,0,0,0,0,0,0,0,0,75000,0,0,1,0,0,0,0,0,0,0,0,0,0,0,0,0,0,0,1,0,0,0,0,0,0,0,0,0,0,0,0,0,0,0,36,0,0,0,0,0,0,0,0,0,0,0,0,0,0,0,0,0,0,0,0,0,0,0,0,0,0,0,0,10000,1,0,7,0,0,0,0,0,0,0,0,0,0,0,0,0,0,0,2,0,0,0,0,0,0,0,0,0,0,0,0,0,0,0,1,0,0,0,0,0,0,0,0,0,0,0,0,1.1e+07,0,0,2,0,0,0,0,0,0,0,0,0,0,0,0,4850000,0,0,29,0,0,0,0,0,0,0,0,0,0,0,0,1e+05,0,0,8,0,0,0,0,0,0,0,0,0,0,0,0,0,0,0,4,0,0,0,0,0,0,0,0,0,0,0,0,0,0,0,0,0,0,0,0,0,0,0,0,0,0,0,0,0,0,0,15,0,0,0,0,0,0,0,0,725000,0,0,5,5350000,0,30,23,55000,0,3,7,0,0,0,2,0,0,0,1,0,0,0,0,100500,0,2,18,0,0,0,1,75000,0,0,1,0,0,0,1,0,0,0,36,0,0,0,0,10000,1,0,7,0,0,0,2,0,0,0,1,1.1e+07,0,0,2,4850000,0,0,29,1e+05,0,0,8,0,0,0,4,0,0,0,0,0,0,0,15
"NEBRASKA",0,0,0,0,0,0,0,2,0,0,0,0,0,0,0,0,0,0,0,0,0,0,0,0,0,0,0,0,0,0,0,0,0,0,0,0,0,0,0,0,0,0,0,0,0,0,0,0,0,0,0,0,0,0,0,0,0,0,0,0,0,0,0,0,0,0,0,0,0,0,0,0,0,0,0,0,0,0,0,0,0,0,0,0,0,0,0,0,0,0,0,0,0,0,0,0,0,0,0,0,0,0,0,0,0,0,0,0,0,0,0,0,0,0,0,0,0,0,0,0,0,0,0,16,0,0,0,0,0,0,0,0,0,0,0,0,0,0,0,13,0,0,0,0,0,0,0,0,2e+06,0,0,2,0,0,0,69,0,0,0,0,0,0,0,0,9202000,0,17,16,0,0,0,15,0,0,0,0,0,0,0,0,350000,0,1,4,0,0,0,0,0,0,0,0,0,0,0,0,0,0,0,3,0,0,0,0,0,0,0,0,0,0,0,0,10000,0,0,2,0,0,0,4,0,0,0,0,0,0,0,0,0,0,0,0,0,0,0,0,0,0,0,0,0,0,0,0,0,0,0,0,0,0,0,0,0,0,0,0,0,0,0,0,0,0,0,0,0,0,0,0,0,0,0,0,0,0,0,0,1500000,0,0,1,0,0,0,0,0,0,0,0,0,0,0,0,0,0,0,0,0,0,0,0,0,0,0,0,0,0,0,0,0,0,0,0,0,0,0,0,0,0,0,0,0,0,0,0,0,0,0,0,0,0,0,0,0,0,0,0,0,0,0,2,0,0,0,0,0,0,0,0,0,0,0,0,0,0,0,0,0,0,0,0,0,0,0,0,0,0,0,16,0,0,0,13,2e+06,0,0,71,9202000,0,17,31,350000,0,1,4,0,0,0,3,10000,0,0,6,0,0,0,0,0,0,0,0,0,0,0,0,1500000,0,0,1,0,0,0,0,0,0,0,0,0,0,0,0
"NEVADA",0,0,0,0,0,0,0,2,0,0,0,0,0,0,0,0,0,0,0,0,0,0,0,0,0,0,0,0,0,0,0,0,0,0,0,0,0,0,0,2,0,0,0,0,0,0,0,0,0,0,0,0,0,0,0,0,0,0,0,0,0,0,0,0,0,0,0,0,0,0,0,0,0,0,0,0,0,0,0,0,0,0,0,0,0,0,0,0,0,0,0,0,0,0,0,0,0,0,0,0,0,0,0,0,0,0,0,0,0,0,0,0,0,0,0,0,10000,0,0,1,0,0,0,0,0,0,0,0,0,0,0,0,0,0,0,0,0,7,0,2,0,0,0,0,0,0,0,0,8e+06,1,17,3,0,1,0,2,0,0,0,0,0,0,0,0,4530000,1,0,2,0,1,0,3,0,0,0,0,0,0,0,0,225000,0,2,3,0,3,0,3,0,0,0,0,0,0,0,0,500,0,0,1,0,6,17,3,0,0,0,0,0,0,0,0,3e+07,0,0,3,0,55,0,4,0,0,0,0,0,0,0,0,0,0,0,0,0,0,0,0,0,0,0,0,0,0,0,0,0,0,0,0,0,0,0,0,0,0,0,0,0,0,0,0,0,0,0,0,0,0,0,0,0,0,0,0,0,0,0,0,0,0,0,0,0,0,0,0,0,0,0,0,0,0,0,0,1450000,0,2,3,25000,42,574,5,0,0,0,0,0,0,0,0,0,0,0,1,0,0,0,0,0,0,0,0,0,0,0,0,0,0,0,0,0,2,0,2,0,0,0,0,0,0,0,2,0,0,0,0,0,0,0,2,0,0,0,0,0,0,0,0,0,0,0,0,0,0,0,0,10000,0,0,1,0,7,0,2,8e+06,2,17,5,4530000,2,0,5,225000,3,2,6,500,6,17,4,3e+07,55,0,7,0,0,0,0,0,0,0,0,0,0,0,0,0,0,0,0,1475000,42,576,8,0,0,0,1,0,2,0,2
"NEW HAMPSHIRE",0,0,0,0,0,0,0,0,0,0,0,0,0,0,0,0,0,0,0,0,0,0,0,0,0,0,0,0,0,0,0,0,0,0,0,0,0,0,0,0,0,0,0,0,0,0,0,0,0,0,0,0,0,0,0,0,0,0,0,0,0,0,0,0,0,0,0,0,0,0,0,0,0,0,0,0,0,0,0,0,0,0,0,0,0,0,0,0,0,0,0,0,0,0,0,0,0,0,0,0,0,0,0,0,0,0,0,0,0,0,0,0,0,0,0,0,0,0,0,0,0,0,0,0,0,0,0,0,0,0,0,0,0,0,0,0,0,0,0,0,0,0,0,0,25000,1,2,15,0,0,0,0,0,0,0,1,0,0,0,0,0,0,0,0,0,0,0,0,0,0,0,0,0,0,0,0,0,0,0,0,0,0,0,0,0,0,0,0,0,0,0,0,0,0,0,0,0,0,0,0,0,0,0,0,0,0,0,0,0,0,0,0,0,0,0,0,0,0,0,0,0,0,0,0,0,0,0,0,0,0,0,0,0,0,0,0,0,0,0,0,0,0,0,0,0,0,0,0,0,0,0,0,0,0,0,0,0,0,0,0,0,0,0,0,0,0,0,0,0,0,0,0,0,0,0,0,0,0,0,0,0,0,0,0,0,0,0,0,0,0,0,0,0,0,0,0,0,0,0,0,0,0,0,0,0,0,0,0,0,0,0,0,0,0,0,0,0,0,0,0,0,0,0,0,0,0,0,0,0,0,0,0,0,0,0,0,0,0,0,0,0,0,0,0,0,0,0,0,0,0,0,0,0,0,0,0,0,0,0,0,0,0,0,0,0,0,0,0,0,0,0,0,25000,1,2,16,0,0,0,0,0,0,0,0,0,0,0,0,0,0,0,0,0,0,0,0,0,0,0,0,0,0,0,0,0,0,0,0,0,0,0,0,0,0,0,0,0,0,0,0
"NEW JERSEY",0,0,0,0,0,0,0,1,0,0,0,0,0,0,0,0,0,0,0,0,0,0,0,6,0,0,0,0,0,0,0,0,0,0,0,0,0,0,0,20,0,0,0,16,0,0,0,0,0,0,0,0,7e+05,0,0,32,0,0,0,0,0,0,0,0,0,0,0,0,0,0,0,0,0,0,0,0,0,0,0,0,0,0,0,0,0,0,0,5,0,0,0,0,0,0,0,0,0,0,0,24,0,0,7,10,0,1,48,38,0,0,0,0,0,0,0,0,0,0,0,8,0,0,0,17,0,0,0,0,0,0,0,0,0,0,2,10,0,1,0,72,0,0,0,0,3.7e+07,0,0,26,10000,0,0,8,0,2,360,38,0,0,0,0,0,0,0,0,5000,0,0,25,0,0,0,43,0,0,0,0,0,0,0,0,51000,0,0,10,0,0,0,0,0,0,0,0,0,0,0,0,205000,0,2,8,0,0,0,4,0,0,0,0,0,0,0,0,0,0,0,1,0,0,12,10,0,0,0,0,0,1,2,9,0,0,0,0,0,0,0,0,0,0,0,0,5e+05,0,0,4,0,0,0,5,0,0,0,0,0,0,0,0,2100000,0,0,9,0,0,0,0,0,0,0,0,0,0,0,0,0,0,0,0,50000,0,0,3,0,0,0,0,0,0,0,0,0,0,0,0,55000,0,0,10,0,0,0,26,0,0,0,0,0,0,0,0,0,0,6,3,0,0,0,0,0,0,0,0,0,0,0,0,5e+05,0,4,7,0,0,0,68,0,0,0,0,0,0,0,1,0,0,0,6,0,0,0,36,7e+05,0,0,32,0,0,0,0,0,0,0,5,0,1,55,72,0,0,0,25,0,1,2,82,37010000,2,360,72,5000,0,0,68,51000,0,0,10,205000,0,2,12,0,0,12,11,0,1,2,9,5e+05,0,0,9,2100000,0,0,9,50000,0,0,3,55000,0,0,36,0,0,6,3,5e+05,0,4,75
"NEW MEXICO",0,0,0,0,0,0,0,0,0,0,0,0,0,0,0,0,0,0,0,0,1503200000,0,0,3,0,0,0,44,0,0,0,0,0,0,0,0,0,0,0,0,0,0,0,0,0,0,0,0,0,0,0,0,5e+06,0,0,4,0,0,0,0,0,0,0,0,0,0,0,0,6e+05,0,0,2,0,0,0,0,0,0,0,0,0,0,0,0,0,0,0,0,0,0,0,0,0,0,0,0,0,0,0,0,9510000,0,0,4,0,0,0,0,0,0,0,0,0,0,0,0,157000,0,0,1,0,0,0,0,0,0,0,0,0,0,0,0,1015000,0,0,2,0,0,0,0,0,0,0,0,0,0,0,0,26100000,0,16,19,0,0,0,0,0,0,0,0,0,0,0,0,32058000,0,5,8,0,0,0,0,0,0,0,0,0,0,0,0,510000,0,0,5,0,0,0,0,0,0,0,0,0,0,0,0,15000,0,0,2,0,0,0,0,0,0,0,0,0,0,0,0,10500000,0,0,2,0,0,0,0,0,0,0,0,0,0,0,0,1500000,0,0,5,0,0,0,0,0,0,0,0,0,0,0,0,0,0,0,0,0,0,0,0,0,0,0,0,0,0,0,0,0,0,0,0,0,0,0,0,0,0,0,0,0,0,0,0,1e+06,0,4,2,0,0,0,0,0,0,0,0,0,0,0,0,1010000,0,0,8,0,0,0,0,0,0,0,0,0,0,0,0,0,0,0,0,0,0,0,0,0,0,0,0,0,0,0,0,5e+05,0,0,1,0,0,0,0,0,0,0,0,0,0,0,0,1503200000,0,0,47,0,0,0,0,5e+06,0,0,4,6e+05,0,0,2,0,0,0,0,9510000,0,0,4,157000,0,0,1,1015000,0,0,2,26100000,0,16,19,32058000,0,5,8,510000,0,0,5,15000,0,0,2,10500000,0,0,2,1500000,0,0,5,0,0,0,0,0,0,0,0,1e+06,0,4,2,1010000,0,0,8,0,0,0,0,5e+05,0,0,1
"NEW YORK",0,0,0,0,0,0,0,0,0,0,0,0,0,0,0,0,0,0,0,0,0,0,0,0,0,0,0,24,0,0,0,0,0,0,0,0,102000,0,2,4,0,0,0,1,0,0,0,0,0,0,0,0,0,0,0,24,0,0,0,1,0,0,0,0,0,0,0,0,0,0,0,0,0,0,0,0,0,0,0,0,0,0,0,0,0,0,0,0,0,0,0,0,0,0,0,0,70500,0,0,15,0,0,0,1,0,0,0,0,0,0,0,0,0,0,0,0,0,0,0,0,0,0,0,0,0,0,0,0,0,0,0,0,0,0,0,0,0,10,0,4,0,0,0,0,0,3,0,41,0,0,0,0,0,20,0,50,0,0,0,0,0,0,0,0,0,0,0,1,0,1,0,8,0,0,0,0,0,0,0,0,0,0,0,0,0,0,0,0,0,0,0,0,0,0,0,0,0,0,0,0,0,0,0,0,0,0,0,0,0,0,0,0,0,0,0,0,0,0,0,26,0,0,0,0,0,0,0,0,0,0,0,0,0,0,0,0,0,0,0,0,0,0,0,0,0,0,0,0,0,0,0,0,0,0,0,0,0,1,1,4,0,0,0,0,0,0,0,0,0,0,0,0,0,0,0,0,0,0,0,0,0,0,0,0,0,0,0,0,0,0,0,0,0,0,0,0,0,9,0,15,0,0,0,0,0,0,0,0,0,0,0,0,0,0,0,0,0,0,0,0,0,0,0,0,0,0,0,0,0,0,0,2,0,0,0,0,0,0,0,0,0,0,0,24,102000,0,2,5,0,0,0,25,0,0,0,0,0,0,0,0,70500,0,0,16,0,0,0,0,0,10,0,4,0,23,0,91,0,1,0,9,0,0,0,0,0,0,0,0,0,0,0,26,0,0,0,0,0,0,0,0,0,1,1,4,0,0,0,0,0,9,0,15,0,0,0,0,0,0,0,2
"NORTH CAROLINA",0,0,0,0,0,0,0,1,0,0,0,0,0,0,0,0,0,0,0,0,0,0,0,5,0,0,0,0,0,0,0,0,0,0,0,0,0,0,0,0,0,0,0,0,0,0,0,0,114000,0,0,3,0,0,0,0,0,0,0,0,0,0,0,0,30000,0,0,16,0,0,0,0,0,0,0,0,0,0,0,0,0,0,0,0,0,0,0,0,0,0,0,0,0,0,0,0,180000,0,0,25,0,0,0,3,0,0,0,0,0,0,0,0,0,0,0,0,0,0,0,0,0,0,0,0,0,0,0,0,201200,0,0,8,1100000,0,0,2,0,0,0,0,0,0,0,0,69355700,3,0,22,505000,0,0,8,0,0,0,10,9.7e+07,1,1,13,1005000,0,0,30,4500,0,0,2,0,0,0,2,0,0,0,0,10000,0,0,15,45500,0,0,1,0,0,0,0,670000,0,0,3,0,0,0,8,2e+05,0,0,1,0,0,0,0,0,0,0,0,96573500,5,1,54,2500,0,0,5,0,0,0,0,0,0,0,0,1100000,0,0,63,0,0,0,0,0,0,0,0,0,0,0,0,21300000,0,0,21,0,0,0,0,0,0,0,0,0,0,0,0,3e+05,0,0,6,0,0,0,0,0,0,0,0,0,0,0,0,1160000,0,1,36,0,0,0,0,0,0,0,0,0,0,0,0,0,0,0,20,0,0,0,0,0,0,0,0,0,0,0,0,0,0,0,0,0,0,0,0,0,0,0,0,0,0,0,0,0,0,0,0,1e+06,0,0,4,0,0,0,0,0,0,0,0,0,0,0,1,0,0,0,5,0,0,0,0,114000,0,0,3,30000,0,0,16,0,0,0,0,180000,0,0,28,0,0,0,0,1301200,0,0,10,166860700,4,1,53,1009500,0,0,34,725500,0,0,19,2e+05,0,0,9,96576000,5,1,59,1100000,0,0,63,21300000,0,0,21,3e+05,0,0,6,1160000,0,1,36,0,0,0,20,0,0,0,0,1e+06,0,0,4
"NORTH DAKOTA",0,0,0,0,0,0,0,0,0,0,0,0,0,0,0,0,0,0,0,0,0,0,0,0,0,0,0,0,0,0,0,0,0,0,0,0,0,0,0,0,0,0,0,0,0,0,0,0,0,0,0,0,250000,0,0,3,0,0,0,0,0,0,0,0,0,0,0,0,0,0,0,0,0,0,0,0,0,0,0,0,0,0,0,0,0,0,3,1,0,0,0,0,0,0,0,0,0,0,0,0,350000,0,2,2,0,0,0,0,0,0,0,0,0,0,0,0,0,0,0,0,0,0,0,0,0,0,0,0,0,0,0,0,0,0,0,0,0,0,0,0,0,0,0,0,0,0,0,0,0,0,0,1,7e+05,0,0,47,0,0,0,0,0,0,0,0,4460000,0,2,5,0,0,0,0,0,0,0,0,0,0,0,0,0,0,0,0,0,0,0,0,0,0,0,0,0,0,0,0,950000,0,0,2,0,0,0,0,0,0,0,0,0,0,0,0,0,0,0,0,0,0,0,8,0,0,0,0,0,0,0,0,0,0,0,0,0,0,0,0,0,0,0,0,0,0,0,0,0,0,0,0,0,0,0,0,0,0,0,0,0,0,0,0,0,0,1,4,0,0,0,0,0,0,0,0,0,0,0,0,0,0,0,16,0,0,0,0,0,0,0,0,0,0,0,0,0,0,0,0,0,0,0,0,0,0,0,0,0,0,0,0,0,0,0,0,0,0,0,0,0,0,0,0,0,0,0,0,0,0,0,0,0,0,0,0,0,0,0,0,0,0,0,0,0,0,0,0,0,0,0,0,250000,0,0,3,0,0,0,0,0,0,3,1,350000,0,2,2,0,0,0,0,0,0,0,0,7e+05,0,0,48,4460000,0,2,5,0,0,0,0,950000,0,0,2,0,0,0,8,0,0,0,0,0,0,0,0,0,0,1,4,0,0,0,16,0,0,0,0,0,0,0,0,0,0,0,0
"OHIO",0,0,0,0,0,0,0,0,0,0,0,0,0,0,0,0,0,0,0,0,0,0,0,0,0,0,0,36,0,0,0,0,0,0,0,0,0,0,0,0,0,0,0,9,0,0,0,0,0,0,0,0,0,0,0,0,0,0,0,27,0,0,0,0,0,0,0,0,0,0,0,0,0,0,0,0,0,0,0,0,0,0,0,0,0,0,0,0,0,0,0,0,0,0,0,0,0,0,0,0,0,0,0,0,0,0,0,0,0,0,0,0,0,0,0,0,0,0,0,0,0,0,0,0,0,0,0,0,0,0,0,0,0,0,0,0,0,0,0,0,0,0,0,0,0,0,0,0,0,0,0,0,0,0,0,0,0,0,0,0,0,0,0,0,0,0,0,0,0,0,0,0,0,0,0,0,0,0,0,0,0,0,0,0,0,0,0,0,0,0,0,0,0,0,0,0,0,0,0,0,0,0,0,0,0,0,0,0,0,0,0,0,0,0,0,0,0,0,0,0,0,0,0,0,0,0,0,0,0,0,0,0,0,0,0,0,0,0,0,0,0,0,0,0,0,0,0,0,0,0,0,0,0,0,0,0,0,0,0,0,0,0,0,0,0,0,0,0,0,0,0,0,0,0,0,0,0,0,0,0,0,0,0,0,0,0,0,0,0,0,0,0,0,0,0,0,0,0,0,0,0,0,0,0,0,0,0,0,0,0,0,0,0,0,0,0,0,0,0,0,0,0,0,0,0,0,0,0,0,0,0,16,0,0,0,0,0,0,0,0,0,0,0,36,0,0,0,9,0,0,0,27,0,0,0,0,0,0,0,0,0,0,0,0,0,0,0,0,0,0,0,0,0,0,0,0,0,0,0,0,0,0,0,0,0,0,0,0,0,0,0,0,0,0,0,0,0,0,0,0,0,0,0,0,0,0,0,0,0,0,0,0,0,0,0,0,0,0,0,16
"OKLAHOMA",0,0,0,0,0,0,0,0,0,0,0,0,0,0,0,0,0,0,0,0,1950000,0,3,7,0,0,0,0,0,0,0,0,0,0,0,0,0,0,0,0,0,0,0,0,0,0,0,0,0,0,0,0,0,0,0,0,0,0,0,0,0,0,0,0,0,0,0,0,0,0,0,0,0,0,0,0,0,0,0,0,0,0,0,0,5825000,3,17,33,0,0,0,0,0,0,0,0,25000,0,0,1,278000,0,0,5,0,2,46,2,0,0,0,0,0,0,0,0,20000,0,1,3,0,1,0,25,0,0,0,0,0,0,0,0,160000,0,0,3,0,1,127,84,0,0,0,0,0,0,0,0,5735000,0,2,41,0,6,296,102,0,0,0,0,0,0,0,0,55200000,1,0,18,0,0,88,47,0,0,0,0,0,0,0,0,0,1,2,3,0,0,22,4,0,0,0,0,0,0,0,0,550000,0,0,8,0,0,0,57,0,0,0,0,0,0,0,0,1271000,0,0,33,0,2,34,46,0,0,0,0,0,0,0,0,0,0,0,0,0,0,0,0,0,0,0,0,0,0,0,0,0,0,0,0,0,0,0,0,0,0,0,0,0,0,0,0,0,0,0,1,0,0,0,0,0,0,0,0,0,0,0,0,16588000,2,8,41,0,0,0,0,0,0,0,0,0,0,0,0,0,0,0,0,0,0,23,31,0,0,0,0,0,0,0,0,0,0,0,0,0,0,0,0,0,0,0,0,0,0,0,0,0,0,0,1,0,2,200,21,0,0,0,0,0,0,0,0,1950000,0,3,7,0,0,0,0,0,0,0,0,0,0,0,0,5825000,3,17,33,303000,2,46,8,20000,1,1,28,160000,1,127,87,5735000,6,298,143,55200000,1,88,65,0,1,24,7,550000,0,0,65,1271000,2,34,79,0,0,0,0,0,0,0,0,0,0,0,1,16588000,2,8,41,0,0,23,31,0,0,0,0,0,2,200,22
"OREGON",0,0,0,0,0,0,0,13,0,0,0,0,0,0,0,0,0,0,0,0,0,0,0,36,0,0,0,0,0,0,0,0,0,0,0,0,4300000,0,0,24,0,0,0,0,0,0,0,0,0,0,0,0,5510000,0,4,58,0,0,0,0,0,0,0,0,0,0,0,0,18000,0,0,13,0,0,0,0,0,0,0,0,0,0,0,0,6000,0,0,30,0,0,0,0,0,0,0,0,0,0,0,0,10000,0,0,14,0,0,0,13,0,0,0,0,0,0,0,0,30000,0,0,12,0,0,0,0,0,0,0,0,0,0,0,0,3100000,0,0,10,0,0,0,2,0,0,0,0,0,0,0,0,0,0,0,18,0,0,0,0,0,0,0,0,0,0,0,0,0,0,0,18,0,0,0,0,0,0,0,0,0,0,0,0,1500000,0,0,45,0,1,1,1,0,0,0,0,0,0,0,0,0,0,0,28,0,2,2,4,0,0,0,0,0,0,0,0,0,0,0,10,0,3,0,2,0,0,0,0,0,0,0,0,3400000,0,0,5,0,0,0,0,0,0,0,0,0,0,0,0,0,0,0,43,0,0,0,0,0,0,0,0,0,0,0,0,55000,0,0,26,0,0,0,0,0,0,0,0,0,0,0,0,510000,0,3,23,0,0,0,0,0,0,0,0,0,0,0,0,8e+05,1,2,19,0,0,0,0,0,0,0,0,0,0,0,0,0,0,0,2,0,0,0,0,0,0,0,0,0,0,0,0,0,0,0,22,0,0,0,0,0,0,0,0,0,0,0,13,0,0,0,36,4300000,0,0,24,5510000,0,4,58,18000,0,0,13,6000,0,0,30,10000,0,0,27,30000,0,0,12,3100000,0,0,12,0,0,0,18,0,0,0,18,1500000,1,1,46,0,2,2,32,0,3,0,12,3400000,0,0,5,0,0,0,43,55000,0,0,26,510000,0,3,23,8e+05,1,2,19,0,0,0,2,0,0,0,22
"PENNSYLVANIA",0,0,0,0,0,0,0,0,0,0,0,0,0,0,0,0,0,0,0,0,0,0,0,6,0,0,0,9,0,0,0,0,0,0,0,0,0,0,0,4,0,0,0,10,0,0,0,0,0,0,0,0,0,0,0,13,0,0,0,0,0,0,0,0,0,0,0,0,1e+05,0,0,1,0,0,0,0,0,0,0,0,0,0,0,0,0,0,0,3,0,0,0,0,0,0,0,0,1e+05,0,0,6,0,0,0,12,0,29,33,20,0,0,0,0,0,0,0,0,0,0,0,4,0,0,0,5,0,0,0,0,0,0,0,0,0,0,2,1,0,20,0,33,0,0,0,0,3585000,1,0,10,0,0,0,0,25000,27,60,46,0,0,0,0,0,0,0,0,10000,0,3,5,10000,8,0,25,0,0,0,0,0,0,0,0,0,0,0,0,0,0,0,0,0,0,0,0,0,0,0,0,3500,1,4,11,0,2,0,5,0,0,0,0,0,0,0,0,0,0,0,1,0,10,0,14,0,0,0,0,0,0,0,0,0,0,0,0,0,0,0,0,0,0,0,0,0,0,0,0,0,0,0,0,0,0,0,0,0,0,0,0,0,0,0,29,0,0,0,0,0,0,0,0,0,0,0,0,0,0,0,0,105000,0,0,8,0,0,0,0,0,0,0,0,0,0,0,0,0,0,0,2,0,2,5,17,0,0,0,0,0,0,0,0,0,0,0,0,0,0,0,0,0,0,0,0,0,0,0,0,1200000,0,0,5,0,1,0,33,0,0,0,0,0,0,0,0,0,0,0,15,0,0,0,14,0,0,0,13,1e+05,0,0,1,0,0,0,3,1e+05,29,33,38,0,0,0,9,0,20,2,34,3610000,28,60,56,20000,8,3,30,0,0,0,0,3500,3,4,16,0,10,0,15,0,0,0,0,0,0,0,0,0,0,0,29,105000,0,0,8,0,2,5,19,0,0,0,0,1200000,1,0,38
"PUERTO RICO",0,0,0,0,0,0,0,0,0,0,0,0,0,0,0,0,0,0,0,0,1e+06,0,0,1,0,0,0,0,0,0,0,0,5600000,0,0,13,0,0,0,0,0,0,0,0,0,0,0,0,0,0,0,0,0,0,0,0,0,0,0,0,0,0,0,0,6.8e+07,4,1,13,0,0,0,0,0,0,0,0,0,0,0,0,0,0,0,0,2e+06,0,0,11,0,0,0,0,0,0,0,0,0,0,0,0,0,0,0,0,0,0,0,0,0,0,0,0,0,0,0,0,0,0,0,0,0,0,0,0,0,0,0,0,0,0,0,0,0,0,0,0,0,0,0,0,0,0,0,0,4000,0,0,21,0,0,0,8,0,0,0,0,0,0,0,0,0,0,0,7,9000,0,0,4,0,0,0,0,0,0,0,0,0,0,0,6,1000,0,0,9,0,0,0,0,0,0,0,0,2000,0,0,4,0,0,0,0,0,0,0,0,0,0,0,0,0,0,0,0,0,0,0,0,0,0,0,0,0,0,0,0,0,0,0,0,0,0,0,0,0,0,0,0,0,0,0,0,0,0,0,0,0,0,0,0,0,0,0,0,0,0,0,0,0,0,0,0,3600000,0,0,1,0,0,0,0,0,0,0,0,0,0,0,0,0,0,0,0,0,0,0,0,0,0,0,0,18000,0,0,10,0,0,0,4,0,0,0,0,0,0,0,0,0,0,0,0,0,0,0,0,0,0,0,0,0,0,0,0,5000,0,0,1,0,0,0,7,0,0,0,0,0,0,0,0,0,0,0,0,1e+06,0,0,1,5600000,0,0,13,0,0,0,0,6.8e+07,4,1,13,2e+06,0,0,11,0,0,0,0,0,0,0,0,0,0,0,0,4000,0,0,29,9000,0,0,11,1000,0,0,15,2000,0,0,4,0,0,0,0,0,0,0,0,0,0,0,0,3600000,0,0,1,0,0,0,0,18000,0,0,14,0,0,0,0,5000,0,0,8
"RHODE ISLAND",0,0,0,0,0,0,0,0,0,0,0,0,0,0,0,0,0,0,0,0,0,0,0,0,0,0,0,1,0,0,0,0,0,0,0,0,0,0,0,0,0,0,0,3,0,0,0,0,0,0,0,0,0,0,0,0,0,0,0,0,0,0,0,0,0,0,0,0,0,0,0,0,0,0,0,0,0,0,0,0,0,0,0,0,0,0,0,0,0,0,0,0,0,0,0,0,13000,0,0,1,0,0,0,0,0,0,0,0,0,0,0,0,0,0,0,0,0,0,0,0,0,0,0,0,0,0,0,0,0,0,0,0,0,0,0,0,0,0,0,2,0,0,0,0,190000,0,0,7,0,0,0,0,0,0,0,3,0,0,0,0,0,0,0,0,0,0,0,0,0,0,0,0,0,0,0,0,0,0,0,0,0,0,0,0,0,0,0,0,0,0,0,0,0,0,0,0,0,0,0,0,0,0,0,0,0,0,0,0,60000,0,0,2,0,0,0,0,0,0,0,0,0,0,0,0,0,0,0,0,0,0,0,0,0,0,0,0,0,0,0,0,0,0,0,0,0,0,0,0,0,0,0,0,0,0,0,0,0,0,0,0,0,0,0,0,0,0,0,0,0,0,0,0,0,0,0,0,0,0,0,0,0,0,0,0,0,0,0,0,0,0,0,0,0,0,0,0,0,0,0,0,0,0,0,0,0,0,0,0,0,0,0,0,0,0,0,0,0,0,0,0,0,0,0,0,0,0,0,0,0,0,0,0,0,0,0,0,0,0,0,0,0,0,0,1,0,0,0,3,0,0,0,0,0,0,0,0,0,0,0,0,13000,0,0,1,0,0,0,0,0,0,0,2,190000,0,0,10,0,0,0,0,0,0,0,0,0,0,0,0,60000,0,0,2,0,0,0,0,0,0,0,0,0,0,0,0,0,0,0,0,0,0,0,0,0,0,0,0,0,0,0,0
"SOUTH CAROLINA",0,0,0,0,0,0,0,0,0,0,0,0,0,0,0,0,0,0,0,8,0,0,0,0,0,0,0,0,0,0,0,0,0,0,0,0,0,0,0,0,0,0,0,0,0,0,0,0,0,0,0,0,0,0,0,0,0,0,0,0,0,0,0,0,16920000,0,0,23,0,0,0,0,0,0,0,0,0,0,0,0,0,0,0,5,0,0,0,0,0,0,0,0,0,0,0,0,24750,0,0,11,0,0,0,1,0,0,0,0,0,0,0,0,0,0,0,0,4e+07,0,0,2,0,1,0,1,0,0,0,0,0,0,0,0,25000,0,0,1,0,0,0,19,0,0,0,0,22000,0,0,9,3550000,0,0,8,0,0,0,12,0,0,0,0,6500,0,0,13,0,0,0,0,0,0,0,12,0,0,0,0,0,0,0,2,0,0,0,0,0,0,0,0,0,0,0,0,0,0,0,4,0,0,1,1,0,0,0,1,0,0,0,0,16268000,3,1,52,0,0,0,1,0,0,0,0,0,0,0,0,0,0,0,4,0,0,0,0,0,0,0,0,0,0,0,0,0,0,0,0,0,0,0,0,0,0,0,0,0,0,0,0,0,0,0,0,0,0,0,0,0,0,0,0,0,0,0,0,0,0,0,16,0,0,0,0,0,0,0,0,0,0,0,0,26750,1,0,34,1.2e+07,0,0,1,0,0,0,0,0,0,0,0,0,0,0,0,0,0,0,1,0,0,0,0,0,0,0,0,0,0,0,0,0,0,0,0,0,1,0,2,0,0,0,0,0,0,0,0,0,0,0,8,0,0,0,0,0,0,0,0,16920000,0,0,23,0,0,0,5,24750,0,0,12,4e+07,1,0,3,25000,0,0,20,3572000,0,0,29,6500,0,0,25,0,0,0,2,0,0,1,6,16268000,3,1,53,0,0,0,4,0,0,0,0,0,0,0,0,0,0,0,16,12026750,1,0,35,0,0,0,1,0,1,0,2
"SOUTH DAKOTA",0,0,0,0,0,0,0,0,0,0,0,0,0,0,0,0,0,0,0,0,55000,1,1,38,0,0,0,0,0,0,0,0,0,0,0,0,0,0,0,1,0,0,0,0,0,0,0,0,0,0,0,0,0,0,0,1,0,0,0,0,0,0,0,0,0,0,0,0,0,0,0,0,0,0,0,0,0,0,0,0,0,0,0,0,0,0,0,1,0,0,0,0,0,0,0,0,0,0,0,0,0,0,0,0,0,0,0,0,0,0,0,0,0,0,0,0,0,0,0,0,0,0,0,0,0,0,0,0,0,0,0,0,0,0,0,0,0,0,0,0,0,0,0,0,0,0,0,0,0,0,1,2,30000,0,0,50,0,0,0,0,0,0,0,0,0,0,0,2,0,0,10,107,0,0,0,0,0,0,0,0,0,0,0,0,0,0,0,0,0,0,0,0,0,0,0,0,0,0,0,2,0,0,0,0,0,0,0,0,0,0,0,0,0,0,0,1,0,0,0,74,0,0,0,0,0,0,0,0,0,0,0,0,0,0,0,0,0,0,0,0,0,0,0,0,0,0,0,4,0,0,0,0,0,0,0,0,0,0,0,0,0,0,0,2,0,0,0,0,0,0,0,0,0,0,0,0,0,0,0,2,0,0,0,0,0,0,0,0,0,0,0,0,0,0,0,0,0,0,0,0,0,0,0,0,0,0,0,0,0,0,0,0,0,0,0,0,0,0,0,0,0,0,0,0,0,0,0,1,0,0,0,4,0,0,0,0,0,0,0,0,55000,1,1,38,0,0,0,1,0,0,0,1,0,0,0,0,0,0,0,1,0,0,0,0,0,0,0,0,0,0,0,0,30000,0,1,52,0,0,10,109,0,0,0,0,0,0,0,2,0,0,0,75,0,0,0,0,0,0,0,4,0,0,0,2,0,0,0,2,0,0,0,0,0,0,0,0,0,0,0,5
"TENNESSEE",0,0,0,0,0,0,0,0,0,0,0,0,0,0,0,0,0,0,0,0,0,0,0,0,0,0,0,0,0,0,0,0,0,0,0,0,0,0,0,0,0,0,0,0,0,0,0,0,0,0,0,0,0,0,0,0,0,0,0,0,0,0,0,0,305000,0,0,22,0,0,0,0,0,0,0,0,0,0,0,0,240000,0,0,22,0,0,0,0,0,0,0,0,0,0,0,0,0,0,0,0,0,0,0,0,0,0,0,0,0,0,0,0,0,0,0,0,0,0,0,0,0,0,0,0,0,0,0,0,0,0,0,0,0,0,0,0,1e+05,11,29,79,0,0,0,0,0,0,0,0,1e+05,0,0,1,0,4,0,41,0,0,0,0,0,0,0,0,0,0,0,0,0,0,0,24,0,0,0,0,0,0,0,0,0,0,0,0,0,0,0,0,0,0,0,0,0,0,0,0,0,0,0,0,0,2,0,10,0,0,0,0,0,0,0,0,70000,0,0,1,0,1,0,21,0,0,0,0,0,0,0,0,0,0,0,0,0,0,0,0,0,0,0,0,0,0,0,0,0,0,0,0,0,0,0,0,0,0,0,0,0,0,0,0,0,0,0,0,0,0,0,0,0,0,0,0,0,0,0,0,0,0,0,0,0,0,0,0,0,0,0,0,0,0,0,0,0,0,0,0,0,0,0,0,0,0,0,0,0,0,0,0,0,0,0,0,0,0,0,0,0,0,0,0,0,0,0,0,0,0,0,0,0,2,0,5,0,0,0,0,0,0,0,0,0,0,0,0,0,0,0,0,0,0,0,0,305000,0,0,22,240000,0,0,22,0,0,0,0,0,0,0,0,1e+05,11,29,79,1e+05,4,0,42,0,0,0,24,0,0,0,0,0,2,0,10,70000,1,0,22,0,0,0,0,0,0,0,0,0,0,0,0,0,0,0,0,0,0,0,0,0,0,0,0,0,2,0,5
"TEXAS",294260000,3,0,35,0,0,0,0,0,0,0,0,0,0,0,0,0,0,0,0,55000,0,2,4,0,0,0,0,0,0,0,0,5149758000,22,0,17,0,0,0,0,0,0,0,0,0,0,0,0,4500000,0,3,6,0,0,0,0,0,0,0,0,0,0,0,0,0,0,0,0,0,0,0,0,0,0,0,0,0,0,0,0,40000,0,0,6,17820000,3,26,12,0,0,0,0,0,0,0,0,706790000,0,2,44,6748600,1,21,116,0,7,0,3,5825100000,24,2413,24,0,0,0,0,21798000,2,10,101,0,1,0,1,0,0,0,0,14650000,0,0,18,1453000,0,0,35,0,2,0,2,0,0,0,0,0,0,0,0,505605400,11,67,457,2e+05,16,193,141,0,0,0,0,0,0,0,0,884000,1,4,31,0,2,0,2,0,0,0,0,0,0,0,0,10897000,1,0,27,0,0,0,0,0,0,0,0,0,0,0,20,650000,0,1,40,0,2,0,2,0,0,0,0,0,0,0,0,220500,0,1,55,0,0,0,0,0,0,0,0,0,0,0,0,0,0,0,6,0,0,0,0,0,0,0,0,0,0,0,0,14500,0,0,4,0,0,0,0,0,0,0,0,3743000,1,0,24,0,0,0,1,0,0,0,0,0,0,0,0,0,0,0,0,65264000,12,31,102,0,0,0,0,0,0,0,0,0,0,0,0,628000,0,2,14,0,1,0,1,0,0,0,0,0,0,0,0,0,0,0,0,0,0,0,0,0,0,0,0,60000,0,0,5,185200,0,5,16,0,2,21,4,3.8e+07,1,12,4,294260000,3,0,35,55000,0,2,4,5149758000,22,0,17,4500000,0,3,6,0,0,0,0,17860000,3,26,18,6538638600,32,2436,187,21798000,3,10,102,16103000,2,0,55,505805400,27,260,598,884000,3,4,33,10897000,1,0,27,650000,2,1,62,220500,0,1,55,0,0,0,6,14500,0,0,4,3743000,1,0,25,65264000,12,31,102,628000,1,2,15,0,0,0,0,38245200,3,38,29
"UTAH",0,0,0,0,0,0,0,0,0,0,0,0,0,0,0,0,0,0,0,0,0,0,0,11,0,0,0,0,0,0,0,0,0,0,0,0,0,0,0,0,0,0,0,0,0,0,0,0,0,0,0,0,50000,0,0,13,0,0,0,0,0,0,0,0,0,0,0,0,0,0,0,2,0,0,0,0,0,0,0,0,0,0,0,0,0,0,0,1,0,0,0,0,0,0,0,0,0,0,0,0,0,0,0,0,0,0,0,0,0,0,0,0,0,0,0,0,0,0,0,0,0,0,0,0,0,0,0,0,0,0,0,0,5e+06,0,6,1,0,0,0,0,0,0,0,0,0,0,0,0,0,0,0,0,0,0,0,0,0,0,0,0,0,0,0,0,15675000,1,22,24,0,0,0,0,0,0,0,0,0,0,0,0,15000,0,0,1,0,0,0,0,0,0,0,0,0,0,0,0,420000,0,0,3,0,0,0,0,0,0,0,0,0,0,0,0,3350000,0,11,3,0,0,0,0,0,0,0,0,0,0,0,0,0,0,0,0,0,0,0,0,0,0,0,0,0,0,0,0,0,0,0,4,0,0,0,0,0,0,0,0,0,0,0,0,0,0,0,7,0,0,0,0,0,0,0,0,0,0,0,0,0,0,0,6,0,0,0,0,0,0,0,0,0,0,0,0,1050000,0,0,2,0,0,0,0,0,0,0,0,0,0,0,0,20000,1,0,1,0,0,0,0,0,0,0,0,0,0,0,0,7e+05,9,0,3,0,0,0,0,0,0,0,0,0,0,0,0,0,0,0,11,0,0,0,0,50000,0,0,13,0,0,0,2,0,0,0,1,0,0,0,0,0,0,0,0,5e+06,0,6,1,0,0,0,0,15675000,1,22,24,15000,0,0,1,420000,0,0,3,3350000,0,11,3,0,0,0,0,0,0,0,4,0,0,0,7,0,0,0,6,1050000,0,0,2,20000,1,0,1,7e+05,9,0,3
"VERMONT",0,0,0,0,0,0,0,0,0,0,0,0,0,0,0,0,0,0,0,0,0,0,0,0,0,0,0,2,0,0,0,0,0,0,0,0,0,0,0,0,0,0,0,0,0,0,0,0,0,0,0,0,0,0,0,2,0,0,0,0,0,0,0,0,0,0,0,0,0,0,0,0,0,0,0,0,0,0,0,0,0,0,0,0,0,0,0,0,0,0,0,0,0,0,0,0,0,0,0,0,0,0,0,0,0,0,0,0,0,0,0,0,0,0,0,0,0,0,0,0,0,0,0,0,0,0,0,0,0,0,0,0,0,0,0,0,0,0,0,0,0,0,0,0,0,0,0,3,0,0,0,0,0,0,0,0,0,0,0,0,0,0,0,0,0,0,0,0,0,0,0,0,0,0,0,0,0,0,0,0,0,0,0,0,0,0,0,0,0,0,0,0,0,0,0,0,0,0,0,0,0,0,0,0,0,0,0,0,0,0,0,0,0,0,0,0,0,0,0,0,0,0,0,0,0,0,0,0,0,0,0,0,0,0,0,0,0,0,0,0,0,0,0,0,0,0,0,0,0,0,0,0,0,0,0,0,0,0,0,0,0,0,0,0,0,0,0,0,0,0,0,0,0,0,0,0,0,0,0,0,0,0,0,0,0,0,0,0,0,0,0,0,0,0,0,0,0,0,0,0,0,0,0,0,0,0,0,0,0,0,0,0,0,0,0,0,0,0,0,0,0,0,0,0,0,0,0,0,0,0,0,0,0,0,0,0,0,0,0,0,0,0,0,2,0,0,0,0,0,0,0,2,0,0,0,0,0,0,0,0,0,0,0,0,0,0,0,0,0,0,0,0,0,0,0,3,0,0,0,0,0,0,0,0,0,0,0,0,0,0,0,0,0,0,0,0,0,0,0,0,0,0,0,0,0,0,0,0,0,0,0,0,0,0,0,0,0,0,0,0
"VIRGIN ISLANDS",0,0,0,1,0,0,0,0,0,0,0,0,0,0,0,0,0,0,0,0,0,0,0,1,0,0,0,0,0,0,0,0,20000,0,0,2,37000,0,0,4,0,0,0,0,0,0,0,0,0,0,0,0,0,0,0,0,0,0,0,0,0,0,0,0,6200000,0,0,2,0,0,0,0,0,0,0,0,0,0,0,0,0,0,0,0,35000,0,0,6,0,0,0,0,0,0,0,0,0,0,0,0,0,0,0,0,0,0,0,0,0,0,0,1,0,0,0,0,0,0,0,1,0,0,0,0,0,0,0,0,0,0,0,5,0,0,0,1,0,0,0,0,0,0,0,0,0,0,0,8,0,0,0,0,0,0,0,0,0,0,0,0,0,0,0,1,0,0,0,0,0,0,0,0,0,0,0,0,0,0,0,2,0,0,0,0,0,0,0,0,0,0,0,0,0,0,0,0,0,0,0,0,0,0,0,0,0,0,0,0,0,0,0,0,0,0,0,0,0,0,0,0,0,0,0,0,0,0,0,0,0,0,0,0,0,0,0,0,0,0,0,0,0,0,0,0,0,0,0,0,0,0,0,0,0,0,0,0,0,0,0,0,150000,0,0,2,0,0,0,0,0,0,0,0,0,0,0,0,0,0,0,0,0,0,0,0,0,0,0,0,0,0,0,0,0,0,0,0,0,0,0,0,0,0,0,0,0,0,0,0,0,0,0,0,0,0,0,0,0,0,0,0,30000,0,0,1,0,0,0,4,0,0,0,0,0,0,0,0,0,0,0,1,0,0,0,1,57000,0,0,6,0,0,0,0,6200000,0,0,2,35000,0,0,6,0,0,0,1,0,0,0,1,0,0,0,6,0,0,0,8,0,0,0,1,0,0,0,2,0,0,0,0,0,0,0,0,0,0,0,0,0,0,0,0,150000,0,0,2,0,0,0,0,0,0,0,0,0,0,0,0,30000,0,0,5
"VIRGINIA",0,0,0,0,0,0,0,3,0,0,0,0,0,0,0,0,0,0,0,0,0,0,0,6,0,0,0,31,0,0,0,0,0,0,0,0,0,0,0,2,0,0,0,2,0,0,0,0,0,0,0,0,0,0,0,1,0,0,0,4,0,0,0,0,0,0,0,3,0,0,0,0,0,0,0,0,0,0,0,0,0,0,0,0,0,0,0,0,0,0,0,0,0,0,0,0,1e+05,0,0,22,30000,0,0,3,0,1,0,1,0,0,0,0,0,0,0,0,0,0,0,0,0,0,0,0,0,0,0,0,0,0,0,2,0,0,0,0,0,0,0,0,0,0,0,0,24687500,3,1,53,0,0,0,1,0,0,0,72,0,0,0,0,0,0,0,0,5630000,0,0,6,0,0,0,15,0,0,0,0,5000,0,0,3,0,0,0,0,0,0,0,0,0,0,0,0,0,0,0,0,0,0,0,0,0,0,0,0,0,0,0,0,35000,0,0,18,0,0,0,2,0,0,0,4,0,0,0,0,0,0,0,2,0,0,0,4,0,0,0,0,0,0,0,0,220000,1,0,5,94000,0,0,6,0,0,0,0,0,0,0,0,101994000,3,29,41,0,0,0,0,0,0,0,0,0,0,0,0,0,0,0,0,3950000,0,2,3,0,0,0,0,0,0,0,0,0,0,0,0,0,0,0,0,0,0,0,1,0,0,0,0,0,0,0,0,0,0,0,0,0,0,0,0,0,0,0,0,0,0,0,0,85000,0,2,2,0,0,0,0,0,0,0,0,0,0,0,3,0,0,0,37,0,0,0,4,0,0,0,5,0,0,0,3,0,0,0,0,130000,1,0,26,0,0,0,0,0,0,0,2,24687500,3,1,126,5630000,0,0,21,5000,0,0,3,0,0,0,0,35000,0,0,24,0,0,0,6,314000,1,0,11,101994000,3,29,41,3950000,0,2,3,0,0,0,1,0,0,0,0,85000,0,2,2
"WASHINGTON",0,0,0,0,10339000,0,1,12,0,0,0,0,0,0,0,0,0,0,0,0,3300000,0,0,4,0,0,0,0,0,0,0,0,0,0,0,0,1100000,4,6,3,0,0,0,0,0,0,0,0,0,0,0,0,2e+05,0,0,4,0,0,0,0,0,0,0,0,0,0,0,0,5000,0,0,8,0,0,0,0,0,0,0,0,0,0,0,0,48000,0,0,9,0,0,0,0,0,0,0,0,0,0,0,0,2522000,0,0,27,0,0,0,10,0,0,0,0,0,0,0,0,4000,0,0,12,0,2,0,5,0,0,0,0,0,0,0,0,1000,0,3,18,0,1,0,2,0,0,0,0,0,0,0,0,8696000,0,2,17,0,0,0,0,0,0,0,0,0,0,0,0,9616000,1,1,23,0,0,0,0,0,0,0,0,0,0,0,0,243428000,0,0,15,0,1,1,2,0,0,0,0,0,0,0,0,8e+05,0,0,67,0,1,1,1,0,0,0,0,0,0,0,0,0,0,0,30,0,1,0,1,0,0,0,0,0,0,0,0,0,0,0,0,0,0,0,0,0,0,0,0,0,0,0,0,0,0,0,4,0,0,0,0,0,0,0,0,0,0,0,0,1e+06,0,0,8,0,0,0,0,0,0,0,0,0,0,0,0,0,0,0,30,0,0,0,0,0,0,0,0,0,0,0,0,8798000,0,2,14,0,0,0,0,0,0,0,0,0,0,0,0,1200000,0,0,3,0,0,0,0,0,0,0,0,0,0,0,0,500,0,0,29,0,0,0,0,0,0,0,0,10339000,0,1,12,3300000,0,0,4,1100000,4,6,3,2e+05,0,0,4,5000,0,0,8,48000,0,0,9,2522000,0,0,37,4000,2,0,17,1000,1,3,20,8696000,0,2,17,9616000,1,1,23,243428000,1,1,17,8e+05,1,1,68,0,1,0,31,0,0,0,0,0,0,0,4,1e+06,0,0,8,0,0,0,30,8798000,0,2,14,1200000,0,0,3,500,0,0,29
"WEST VIRGINIA",0,0,0,0,0,0,0,0,0,0,0,0,0,0,0,0,0,0,0,0,0,0,0,6,0,0,0,143,0,0,0,0,0,0,0,0,0,0,0,8,0,0,0,34,0,0,0,0,0,0,0,0,10000,0,0,1,0,0,0,102,0,0,0,0,0,0,0,0,0,0,0,0,0,0,0,0,0,0,0,0,0,0,0,0,0,0,0,0,0,0,0,0,0,0,0,0,0,0,0,0,0,0,0,0,0,0,0,0,0,0,0,0,0,0,0,0,0,0,0,0,0,0,0,0,0,0,0,0,0,0,0,0,0,0,0,0,0,0,0,0,0,0,0,0,0,0,0,0,0,0,0,0,0,0,0,3,0,0,0,0,0,0,0,0,0,0,0,0,0,0,0,0,0,0,0,0,0,0,0,0,25000,1,1,3,0,0,0,0,0,0,0,0,0,0,0,0,0,0,0,0,0,0,0,0,0,0,0,0,0,0,0,0,25000,0,0,1,0,0,0,0,0,0,0,0,0,0,0,0,0,0,0,0,0,0,0,0,0,0,0,0,0,0,0,0,13000,1,0,12,0,0,0,0,0,0,0,0,0,0,0,0,0,0,0,0,0,0,0,0,0,0,0,0,0,0,0,0,0,0,0,0,0,0,0,0,0,0,0,0,0,0,0,0,0,0,0,0,0,0,0,0,0,0,0,0,0,0,0,0,0,0,0,0,0,0,0,0,0,0,0,0,0,0,0,0,0,0,0,0,0,0,0,18,0,0,0,0,0,0,0,0,0,0,0,149,0,0,0,42,10000,0,0,103,0,0,0,0,0,0,0,0,0,0,0,0,0,0,0,0,0,0,0,0,0,0,0,3,0,0,0,0,25000,1,1,3,0,0,0,0,25000,0,0,1,0,0,0,0,13000,1,0,12,0,0,0,0,0,0,0,0,0,0,0,0,0,0,0,0,0,0,0,18
"WISCONSIN",0,0,0,0,80000,0,0,1,0,0,0,0,0,0,0,0,0,0,0,0,45000,0,0,2,0,0,0,21,0,0,0,0,0,0,0,0,0,0,0,0,0,0,0,2,0,0,0,0,0,0,0,0,0,0,0,0,0,0,0,0,0,0,0,0,0,0,0,0,0,0,0,0,0,0,0,0,0,0,0,0,0,0,0,0,1e+06,0,0,1,0,0,0,0,0,0,0,0,0,0,0,0,0,0,0,0,0,0,0,0,0,0,0,0,0,0,0,0,560000,0,1,3,0,0,0,0,0,0,0,0,0,0,0,0,3000,1,2,6,0,0,0,0,0,0,0,0,0,0,0,0,0,0,0,0,76000,5,48,35,0,0,0,0,0,0,0,0,70000,1,2,1,0,11,0,31,0,0,0,0,0,0,0,0,0,0,0,0,0,0,0,0,0,0,0,0,0,0,0,0,207000,0,1,2,0,0,0,0,0,0,0,0,0,0,0,0,0,0,0,0,0,0,0,9,0,0,0,0,0,0,0,0,0,0,0,0,0,0,0,0,0,0,0,0,0,0,0,0,0,0,0,0,0,0,0,0,0,0,0,0,0,0,0,0,0,0,0,0,0,0,0,0,0,0,0,0,0,0,0,0,50000,0,0,2,0,0,0,0,0,0,0,0,0,0,0,0,0,0,0,0,0,0,0,3,0,0,0,0,0,0,0,0,0,0,0,0,0,0,0,0,0,0,0,0,0,0,0,0,0,0,0,3,0,0,0,0,0,0,0,0,80000,0,0,1,45000,0,0,23,0,0,0,2,0,0,0,0,0,0,0,0,1e+06,0,0,1,0,0,0,0,560000,0,1,3,3000,1,2,6,76000,5,48,35,70000,12,2,32,0,0,0,0,207000,0,1,2,0,0,0,9,0,0,0,0,0,0,0,0,0,0,0,0,50000,0,0,2,0,0,0,3,0,0,0,0,0,0,0,3
"WYOMING",0,0,0,0,0,0,0,0,0,0,0,0,0,0,0,0,0,0,0,0,0,1,1,14,0,0,0,0,0,0,0,0,0,0,0,0,70000,0,0,10,0,0,0,0,0,0,0,0,0,0,0,0,261000,0,0,11,0,0,0,0,0,0,0,0,0,0,0,0,1e+06,0,9,1,0,0,0,0,0,0,0,0,0,0,0,0,5e+05,0,1,1,0,0,0,0,0,0,0,0,0,0,0,0,0,0,0,6,0,0,0,0,0,0,0,0,0,0,0,0,0,0,0,1,0,0,0,0,0,0,0,0,0,0,0,0,0,0,0,3,0,0,0,0,0,0,0,0,0,0,0,0,0,0,0,0,0,0,0,0,0,0,0,0,0,0,0,0,4090000,0,0,4,0,0,0,0,0,0,0,0,0,0,0,0,0,0,0,0,0,0,0,0,0,0,0,0,0,0,0,0,5005000,0,4,4,0,0,0,0,0,0,0,0,0,0,0,0,1510000,0,2,30,0,0,0,0,0,0,0,0,0,0,0,0,0,0,0,0,0,0,0,0,0,0,0,0,0,0,0,0,0,0,0,1,0,0,0,0,0,0,0,0,0,0,0,0,0,0,0,12,0,0,0,0,0,0,0,0,0,0,0,0,2370000,0,0,9,0,0,0,0,0,0,0,0,0,0,0,0,0,0,0,2,0,0,0,0,0,0,0,0,0,0,0,0,0,0,0,1,0,0,0,0,0,0,0,0,0,0,0,0,1e+05,0,0,7,0,0,0,0,0,0,0,0,0,0,0,0,0,1,1,14,70000,0,0,10,261000,0,0,11,1e+06,0,9,1,5e+05,0,1,1,0,0,0,6,0,0,0,1,0,0,0,3,0,0,0,0,4090000,0,0,4,0,0,0,0,5005000,0,4,4,1510000,0,2,30,0,0,0,0,0,0,0,1,0,0,0,12,2370000,0,0,9,0,0,0,2,0,0,0,1,1e+05,0,0,7
